종목명,종목코드,시장,섹터코드,섹터명
HPSP,403870,KOSDAQ,S01,반도체·IT
SFA반도체,036540,KOSDAQ,S01,반도체·IT
레인보우로보틱스,277810,KOSDAQ,S01,반도체·IT
미래반도체,254490,KOSDAQ,S01,반도체·IT
사피엔반도체,452430,KOSDAQ,S01,반도체·IT
서울반도체,046890,KOSDAQ,S01,반도체·IT
아이티엠반도체,084850,KOSDAQ,S01,반도체·IT
어보브반도체,102120,KOSDAQ,S01,반도체·IT
원익IPS,240810,KOSDAQ,S01,반도체·IT
이오테크닉스,039030,KOSDAQ,S01,반도체·IT
제주반도체,080220,KOSDAQ,S01,반도체·IT
퀄리타스반도체,432720,KOSDAQ,S01,반도체·IT
한울반도체,320000,KOSDAQ,S01,반도체·IT
SK하이닉스,000660,KOSPI,S01,반도체·IT
한미반도체,042700,KOSPI,S01,반도체·IT
삼기에너지솔루션즈,419050,KOSDAQ,S02,2차전지·신에너지
에코프로,086520,KOSDAQ,S02,2차전지·신에너지
에코프로비엠,247540,KOSDAQ,S02,2차전지·신에너지
에코프로에이치엔,383310,KOSDAQ,S02,2차전지·신에너지
HD현대에너지솔루션,322000,KOSPI,S02,2차전지·신에너지
LG에너지솔루션,373220,KOSPI,S02,2차전지·신에너지
삼성SDI,006400,KOSPI,S02,2차전지·신에너지
삼성SDI우,006405,KOSPI,S02,2차전지·신에너지
세방전지,004490,KOSPI,S02,2차전지·신에너지
에코프로머티,450080,KOSPI,S02,2차전지·신에너지
포스코퓨처엠,003670,KOSPI,S02,2차전지·신에너지
DH오토리드,290120,KOSDAQ,S03,자동차·부품
DH오토웨어,025440,KOSDAQ,S03,자동차·부품
KB오토시스,024120,KOSDAQ,S03,자동차·부품
네오오토,212560,KOSDAQ,S03,자동차·부품
모비스,250060,KOSDAQ,S03,자동차·부품
서진오토모티브,122690,KOSDAQ,S03,자동차·부품
성창오토텍,080470,KOSDAQ,S03,자동차·부품
알에스오토메이션,140670,KOSDAQ,S03,자동차·부품
엠에스오토텍,123040,KOSDAQ,S03,자동차·부품
오토앤,353590,KOSDAQ,S03,자동차·부품
코닉오토메이션,391710,KOSDAQ,S03,자동차·부품
DH오토넥스,000300,KOSPI,S03,자동차·부품
DN오토모티브,007340,KOSPI,S03,자동차·부품
HL만도,204320,KOSPI,S03,자동차·부품
기아,000270,KOSPI,S03,자동차·부품
새론오토모티브,075180,KOSPI,S03,자동차·부품
현대글로비스,086280,KOSPI,S03,자동차·부품
현대모비스,012330,KOSPI,S03,자동차·부품
현대오토에버,307950,KOSPI,S03,자동차·부품
현대차,005380,KOSPI,S03,자동차·부품
현대차2우B,005387,KOSPI,S03,자동차·부품
현대차3우B,005389,KOSPI,S03,자동차·부품
현대차우,005385,KOSPI,S03,자동차·부품
디지틀조선,033130,KOSDAQ,S04,조선·방산
HD한국조선해양,009540,KOSPI,S04,조선·방산
HD현대중공업,329180,KOSPI,S04,조선·방산
HJ중공업,097230,KOSPI,S04,조선·방산
대한조선,439260,KOSPI,S04,조선·방산
두산에너빌리티,034020,KOSPI,S04,조선·방산
삼성중공업,010140,KOSPI,S04,조선·방산
세진중공업,075580,KOSPI,S04,조선·방산
조선내화,462520,KOSPI,S04,조선·방산
조선선재,120030,KOSPI,S04,조선·방산
한국항공우주,047810,KOSPI,S04,조선·방산
한진중공업홀딩스,003480,KOSPI,S04,조선·방산
한화에어로스페이스,012450,KOSPI,S04,조선·방산
한화오션,042660,KOSPI,S04,조선·방산
효성중공업,298040,KOSPI,S04,조선·방산
DB금융스팩12호,477760,KOSDAQ,S05,금융·보험
LS증권,078020,KOSDAQ,S05,금융·보험
디비금융제13호스팩,489730,KOSDAQ,S05,금융·보험
디비금융제14호스팩,0004Y0,KOSDAQ,S05,금융·보험
메리츠제1호스팩,0088D0,KOSDAQ,S05,금융·보험
메리츠제2호스팩,0165X0,KOSDAQ,S05,금융·보험
미래생명자원,218150,KOSDAQ,S05,금융·보험
에스케이증권제11호스팩,472230,KOSDAQ,S05,금융·보험
에스케이증권제12호스팩,473000,KOSDAQ,S05,금융·보험
에스케이증권제13호스팩,473950,KOSDAQ,S05,금융·보험
인카금융서비스,211050,KOSDAQ,S05,금융·보험
코리아에셋투자증권,190650,KOSDAQ,S05,금융·보험
푸른저축은행,007330,KOSDAQ,S05,금융·보험
BNK금융지주,138930,KOSPI,S05,금융·보험
DB손해보험,005830,KOSPI,S05,금융·보험
DB증권,016610,KOSPI,S05,금융·보험
JB금융지주,175330,KOSPI,S05,금융·보험
KB금융,105560,KOSPI,S05,금융·보험
NH투자증권,005940,KOSPI,S05,금융·보험
NH투자증권우,005945,KOSPI,S05,금융·보험
SK증권,001510,KOSPI,S05,금융·보험
SK증권우,001515,KOSPI,S05,금융·보험
iM금융지주,139130,KOSPI,S05,금융·보험
교보증권,030610,KOSPI,S05,금융·보험
기업은행,024110,KOSPI,S05,금융·보험
다올투자증권,030210,KOSPI,S05,금융·보험
대신증권,003540,KOSPI,S05,금융·보험
대신증권2우B,003547,KOSPI,S05,금융·보험
대신증권우,003545,KOSPI,S05,금융·보험
동양생명,082640,KOSPI,S05,금융·보험
롯데손해보험,000400,KOSPI,S05,금융·보험
메리츠금융지주,138040,KOSPI,S05,금융·보험
미래에셋생명,085620,KOSPI,S05,금융·보험
미래에셋증권,006800,KOSPI,S05,금융·보험
미래에셋증권2우B,00680K,KOSPI,S05,금융·보험
미래에셋증권우,006805,KOSPI,S05,금융·보험
부국증권,001270,KOSPI,S05,금융·보험
부국증권우,001275,KOSPI,S05,금융·보험
삼성생명,032830,KOSPI,S05,금융·보험
삼성증권,016360,KOSPI,S05,금융·보험
삼성카드,029780,KOSPI,S05,금융·보험
삼성화재,000810,KOSPI,S05,금융·보험
삼성화재우,000815,KOSPI,S05,금융·보험
상상인증권,001290,KOSPI,S05,금융·보험
서울보증보험,031210,KOSPI,S05,금융·보험
신영증권,001720,KOSPI,S05,금융·보험
신한지주,055550,KOSPI,S05,금융·보험
우리금융지주,316140,KOSPI,S05,금융·보험
유안타증권,003470,KOSPI,S05,금융·보험
유안타증권우,003475,KOSPI,S05,금융·보험
유진투자증권,001200,KOSPI,S05,금융·보험
유화증권,003460,KOSPI,S05,금융·보험
유화증권우,003465,KOSPI,S05,금융·보험
제주은행,006220,KOSPI,S05,금융·보험
키움증권,039490,KOSPI,S05,금융·보험
하나금융지주,086790,KOSPI,S05,금융·보험
한국금융지주,071050,KOSPI,S05,금융·보험
한국금융지주우,071055,KOSPI,S05,금융·보험
한양증권,001750,KOSPI,S05,금융·보험
한양증권우,001755,KOSPI,S05,금융·보험
한화생명,088350,KOSPI,S05,금융·보험
한화손해보험,000370,KOSPI,S05,금융·보험
한화투자증권,003530,KOSPI,S05,금융·보험
한화투자증권우,003535,KOSPI,S05,금융·보험
현대차증권,001500,KOSPI,S05,금융·보험
흥국화재,000540,KOSPI,S05,금융·보험
흥국화재우,000545,KOSPI,S05,금융·보험
CJ 바이오사이언스,311690,KOSDAQ,S06,바이오·헬스
CMG제약,058820,KOSDAQ,S06,바이오·헬스
HLB,028300,KOSDAQ,S06,바이오·헬스
HLB바이오스텝,278650,KOSDAQ,S06,바이오·헬스
HLB제약,047920,KOSDAQ,S06,바이오·헬스
NH농우바이오,054050,KOSDAQ,S06,바이오·헬스
강스템바이오텍,217730,KOSDAQ,S06,바이오·헬스
경남제약,053950,KOSDAQ,S06,바이오·헬스
경동제약,011040,KOSDAQ,S06,바이오·헬스
고려제약,014570,KOSDAQ,S06,바이오·헬스
고바이오랩,348150,KOSDAQ,S06,바이오·헬스
넥스트바이오메디컬,389650,KOSDAQ,S06,바이오·헬스
대화제약,067080,KOSDAQ,S06,바이오·헬스
동구바이오제약,006620,KOSDAQ,S06,바이오·헬스
동국제약,086450,KOSDAQ,S06,바이오·헬스
듀켐바이오,176750,KOSDAQ,S06,바이오·헬스
레몬헬스케어,365660,KOSDAQ,S06,바이오·헬스
로킷헬스케어,376900,KOSDAQ,S06,바이오·헬스
루닛,328130,KOSDAQ,S06,바이오·헬스
리가켐바이오,141080,KOSDAQ,S06,바이오·헬스
메타바이오메드,059210,KOSDAQ,S06,바이오·헬스
바이오니아,064550,KOSDAQ,S06,바이오·헬스
바이오다인,314930,KOSDAQ,S06,바이오·헬스
바이오비쥬,489460,KOSDAQ,S06,바이오·헬스
바이오솔루션,086820,KOSDAQ,S06,바이오·헬스
바이오스마트,038460,KOSDAQ,S06,바이오·헬스
바이오에프디엔씨,251120,KOSDAQ,S06,바이오·헬스
바이오인프라,199730,KOSDAQ,S06,바이오·헬스
바이오톡스텍,086040,KOSDAQ,S06,바이오·헬스
바이오포트,188040,KOSDAQ,S06,바이오·헬스
바이오플러스,099430,KOSDAQ,S06,바이오·헬스
박셀바이오,323990,KOSDAQ,S06,바이오·헬스
비보존 제약,082800,KOSDAQ,S06,바이오·헬스
비씨월드제약,200780,KOSDAQ,S06,바이오·헬스
삼아제약,009300,KOSDAQ,S06,바이오·헬스
삼익제약,014950,KOSDAQ,S06,바이오·헬스
삼천당제약,000250,KOSDAQ,S06,바이오·헬스
서린바이오,038070,KOSDAQ,S06,바이오·헬스
서울바이오시스,092190,KOSDAQ,S06,바이오·헬스
서울제약,018680,KOSDAQ,S06,바이오·헬스
선바이오,067370,KOSDAQ,S06,바이오·헬스
셀바스헬스케어,208370,KOSDAQ,S06,바이오·헬스
셀바이오휴먼텍,318160,KOSDAQ,S06,바이오·헬스
셀트리온제약,068760,KOSDAQ,S06,바이오·헬스
신신제약,002800,KOSDAQ,S06,바이오·헬스
신일제약,012790,KOSDAQ,S06,바이오·헬스
신테카바이오,226330,KOSDAQ,S06,바이오·헬스
쎌바이오텍,049960,KOSDAQ,S06,바이오·헬스
씨티씨바이오,060590,KOSDAQ,S06,바이오·헬스
아리바이오랩,261780,KOSDAQ,S06,바이오·헬스
아이엠바이오로직스,493280,KOSDAQ,S06,바이오·헬스
알리코제약,260660,KOSDAQ,S06,바이오·헬스
알테오젠,196170,KOSDAQ,S06,바이오·헬스
알피바이오,314140,KOSDAQ,S06,바이오·헬스
압타바이오,293780,KOSDAQ,S06,바이오·헬스
애드바이오텍,179530,KOSDAQ,S06,바이오·헬스
에스바이오메딕스,304360,KOSDAQ,S06,바이오·헬스
에스엘에스바이오,246250,KOSDAQ,S06,바이오·헬스
에스지헬스케어,398120,KOSDAQ,S06,바이오·헬스
에이비엘바이오,298380,KOSDAQ,S06,바이오·헬스
에이프릴바이오,397030,KOSDAQ,S06,바이오·헬스
에임드바이오,0009K0,KOSDAQ,S06,바이오·헬스
엑세스바이오,950130,KOSDAQ,S06,바이오·헬스
엔바이오니아,317870,KOSDAQ,S06,바이오·헬스
엔젠바이오,354200,KOSDAQ,S06,바이오·헬스
엔케이젠바이오텍코리아,182400,KOSDAQ,S06,바이오·헬스
엘앤씨바이오,290650,KOSDAQ,S06,바이오·헬스
엘앤케이바이오,156100,KOSDAQ,S06,바이오·헬스
오상헬스케어,036220,KOSDAQ,S06,바이오·헬스
옵투스제약,131030,KOSDAQ,S06,바이오·헬스
와이바이오로직스,338840,KOSDAQ,S06,바이오·헬스
우리바이오,082850,KOSDAQ,S06,바이오·헬스
우정바이오,215380,KOSDAQ,S06,바이오·헬스
원바이오젠,307280,KOSDAQ,S06,바이오·헬스
위더스제약,330350,KOSDAQ,S06,바이오·헬스
유니온바이오메트릭스,203450,KOSDAQ,S06,바이오·헬스
유바이오로직스,206650,KOSDAQ,S06,바이오·헬스
이지바이오,353810,KOSDAQ,S06,바이오·헬스
인바이오,352940,KOSDAQ,S06,바이오·헬스
인트론바이오,048530,KOSDAQ,S06,바이오·헬스
인피니트헬스케어,071200,KOSDAQ,S06,바이오·헬스
일신바이오,068330,KOSDAQ,S06,바이오·헬스
전진바이오팜,110020,KOSDAQ,S06,바이오·헬스
제이투케이바이오,420570,KOSDAQ,S06,바이오·헬스
제이피아이헬스케어,0010V0,KOSDAQ,S06,바이오·헬스
조아제약,034940,KOSDAQ,S06,바이오·헬스
지투지바이오,456160,KOSDAQ,S06,바이오·헬스
진바이오텍,086060,KOSDAQ,S06,바이오·헬스
진양제약,007370,KOSDAQ,S06,바이오·헬스
차바이오텍,085660,KOSDAQ,S06,바이오·헬스
케이바이오랩스,038530,KOSDAQ,S06,바이오·헬스
케이엠제약,225430,KOSDAQ,S06,바이오·헬스
큐리옥스바이오시스템즈,445680,KOSDAQ,S06,바이오·헬스
클래시스,214150,KOSDAQ,S06,바이오·헬스
텔콘RF제약,200230,KOSDAQ,S06,바이오·헬스
티앤알바이오팹,246710,KOSDAQ,S06,바이오·헬스
티움바이오,321550,KOSDAQ,S06,바이오·헬스
파로스아이바이오,388870,KOSDAQ,S06,바이오·헬스
파마리서치,214450,KOSDAQ,S06,바이오·헬스
페니트리움바이오,187660,KOSDAQ,S06,바이오·헬스
프레스티지바이오로직스,334970,KOSDAQ,S06,바이오·헬스
프롬바이오,377220,KOSDAQ,S06,바이오·헬스
프리시젼바이오,335810,KOSDAQ,S06,바이오·헬스
피플바이오,304840,KOSDAQ,S06,바이오·헬스
한국유니온제약,080720,KOSDAQ,S06,바이오·헬스
한스바이오메드,042520,KOSDAQ,S06,바이오·헬스
현대바이오,048410,KOSDAQ,S06,바이오·헬스
현대바이오랜드,052260,KOSDAQ,S06,바이오·헬스
JW중외제약,001060,KOSPI,S06,바이오·헬스
JW중외제약2우B,001067,KOSPI,S06,바이오·헬스
JW중외제약우,001065,KOSPI,S06,바이오·헬스
SK바이오사이언스,302440,KOSPI,S06,바이오·헬스
SK바이오팜,326030,KOSPI,S06,바이오·헬스
경보제약,214390,KOSPI,S06,바이오·헬스
광동제약,009290,KOSPI,S06,바이오·헬스
국제약품,002720,KOSPI,S06,바이오·헬스
대웅제약,069620,KOSPI,S06,바이오·헬스
대원제약,003220,KOSPI,S06,바이오·헬스
동성제약,002210,KOSPI,S06,바이오·헬스
명문제약,017180,KOSPI,S06,바이오·헬스
명인제약,317450,KOSPI,S06,바이오·헬스
바이오노트,377740,KOSPI,S06,바이오·헬스
삼성바이오로직스,207940,KOSPI,S06,바이오·헬스
삼성제약,001360,KOSPI,S06,바이오·헬스
삼양바이오팜,0120G0,KOSPI,S06,바이오·헬스
삼일제약,000520,KOSPI,S06,바이오·헬스
삼진제약,005500,KOSPI,S06,바이오·헬스
셀트리온,068270,KOSPI,S06,바이오·헬스
신풍제약,019170,KOSPI,S06,바이오·헬스
신풍제약우,019175,KOSPI,S06,바이오·헬스
에스디바이오센서,137310,KOSPI,S06,바이오·헬스
에이프로젠바이오로직스,003060,KOSPI,S06,바이오·헬스
오리엔트바이오,002630,KOSPI,S06,바이오·헬스
유나이티드제약,033270,KOSPI,S06,바이오·헬스
유유제약,000220,KOSPI,S06,바이오·헬스
유유제약1우,000225,KOSPI,S06,바이오·헬스
유유제약2우B,000227,KOSPI,S06,바이오·헬스
유한양행,000100,KOSPI,S06,바이오·헬스
유한양행우,000105,KOSPI,S06,바이오·헬스
이연제약,102460,KOSPI,S06,바이오·헬스
인바이오젠,101140,KOSPI,S06,바이오·헬스
일동제약,249420,KOSPI,S06,바이오·헬스
종근당바이오,063160,KOSPI,S06,바이오·헬스
차AI헬스케어,025620,KOSPI,S06,바이오·헬스
프레스티지바이오파마,950210,KOSPI,S06,바이오·헬스
하나제약,293480,KOSPI,S06,바이오·헬스
한올바이오파마,009420,KOSPI,S06,바이오·헬스
환인제약,016580,KOSPI,S06,바이오·헬스
넥슨게임즈,225570,KOSDAQ,S07,플랫폼·인터넷
심플랫폼,444530,KOSDAQ,S07,플랫폼·인터넷
엠게임,058630,KOSDAQ,S07,플랫폼·인터넷
위메이드,112040,KOSDAQ,S07,플랫폼·인터넷
위메이드맥스,101730,KOSDAQ,S07,플랫폼·인터넷
위메이드플레이,123420,KOSDAQ,S07,플랫폼·인터넷
카카오게임즈,293490,KOSDAQ,S07,플랫폼·인터넷
컴투스,078340,KOSDAQ,S07,플랫폼·인터넷
컴투스홀딩스,063080,KOSDAQ,S07,플랫폼·인터넷
패션플랫폼,225590,KOSDAQ,S07,플랫폼·인터넷
펄어비스,263750,KOSDAQ,S07,플랫폼·인터넷
더블유게임즈,192080,KOSPI,S07,플랫폼·인터넷
디앤디플랫폼리츠,377190,KOSPI,S07,플랫폼·인터넷
카카오,035720,KOSPI,S07,플랫폼·인터넷
크래프톤,259960,KOSPI,S07,플랫폼·인터넷
GH신소재,130500,KOSDAQ,S08,화학·소재
금강철강,053260,KOSDAQ,S08,화학·소재
나노신소재,121600,KOSDAQ,S08,화학·소재
나노실리칸첨단소재,286750,KOSDAQ,S08,화학·소재
대진첨단소재,393970,KOSDAQ,S08,화학·소재
삼현철강,017480,KOSDAQ,S08,화학·소재
오성첨단소재,052420,KOSDAQ,S08,화학·소재
이녹스첨단소재,272290,KOSDAQ,S08,화학·소재
이브이첨단소재,131400,KOSDAQ,S08,화학·소재
중앙첨단소재,051980,KOSDAQ,S08,화학·소재
크리스탈신소재,900250,KOSDAQ,S08,화학·소재
한국첨단소재,062970,KOSDAQ,S08,화학·소재
한울소재과학,091440,KOSDAQ,S08,화학·소재
한일화학,007770,KOSDAQ,S08,화학·소재
HS효성첨단소재,298050,KOSPI,S08,화학·소재
LG화학,051910,KOSPI,S08,화학·소재
LG화학우,051915,KOSPI,S08,화학·소재
PI첨단소재,178920,KOSPI,S08,화학·소재
POSCO홀딩스,005490,KOSPI,S08,화학·소재
SH에너지화학,002360,KOSPI,S08,화학·소재
고려아연,010130,KOSPI,S08,화학·소재
국도화학,007690,KOSPI,S08,화학·소재
금호석유화학,011780,KOSPI,S08,화학·소재
금호석유화학우,011785,KOSPI,S08,화학·소재
남해화학,025860,KOSPI,S08,화학·소재
롯데정밀화학,004000,KOSPI,S08,화학·소재
롯데케미칼,011170,KOSPI,S08,화학·소재
문배철강,008420,KOSPI,S08,화학·소재
미원화학,134380,KOSPI,S08,화학·소재
부국철강,026940,KOSPI,S08,화학·소재
솔루스첨단소재,336370,KOSPI,S08,화학·소재
솔루스첨단소재1우,33637K,KOSPI,S08,화학·소재
솔루스첨단소재2우B,33637L,KOSPI,S08,화학·소재
영보화학,014440,KOSPI,S08,화학·소재
율촌화학,008730,KOSPI,S08,화학·소재
이수화학,005950,KOSPI,S08,화학·소재
진양화학,051630,KOSPI,S08,화학·소재
코스모신소재,005070,KOSPI,S08,화학·소재
코스모화학,005420,KOSPI,S08,화학·소재
풍산,103140,KOSPI,S08,화학·소재
한국철강,104700,KOSPI,S08,화학·소재
한일철강,002220,KOSPI,S08,화학·소재
효성화학,298000,KOSPI,S08,화학·소재
KCC건설,021320,KOSDAQ,S09,건설·부동산
동신건설,025950,KOSDAQ,S09,건설·부동산
동원개발,013120,KOSDAQ,S09,건설·부동산
상지건설,042940,KOSDAQ,S09,건설·부동산
서희건설,035890,KOSDAQ,S09,건설·부동산
시공테크,020710,KOSDAQ,S09,건설·부동산
신원종합개발,017000,KOSDAQ,S09,건설·부동산
우원개발,046940,KOSDAQ,S09,건설·부동산
특수건설,026150,KOSDAQ,S09,건설·부동산
DL이앤씨,375500,KOSPI,S09,건설·부동산
DL이앤씨2우(전환),37550L,KOSPI,S09,건설·부동산
DL이앤씨우,37550K,KOSPI,S09,건설·부동산
GS건설,006360,KOSPI,S09,건설·부동산
HD건설기계,267270,KOSPI,S09,건설·부동산
IPARK현대산업개발,294870,KOSPI,S09,건설·부동산
계룡건설,013580,KOSPI,S09,건설·부동산
금호건설,002990,KOSPI,S09,건설·부동산
금호건설우,002995,KOSPI,S09,건설·부동산
대우건설,047040,KOSPI,S09,건설·부동산
동부건설,005960,KOSPI,S09,건설·부동산
동부건설우,005965,KOSPI,S09,건설·부동산
롯데관광개발,032350,KOSPI,S09,건설·부동산
블루산업개발,006740,KOSPI,S09,건설·부동산
삼성물산,028260,KOSPI,S09,건설·부동산
삼성물산우B,02826K,KOSPI,S09,건설·부동산
삼호개발,010960,KOSPI,S09,건설·부동산
일성건설,013360,KOSPI,S09,건설·부동산
전진건설로봇,079900,KOSPI,S09,건설·부동산
태영건설,009410,KOSPI,S09,건설·부동산
태영건설우,009415,KOSPI,S09,건설·부동산
현대건설,000720,KOSPI,S09,건설·부동산
현대건설우,000725,KOSPI,S09,건설·부동산
메가스터디,072870,KOSDAQ,S10,에너지·자원
메가스터디교육,215200,KOSDAQ,S10,에너지·자원
S-Oil,010950,KOSPI,S10,에너지·자원
S-Oil우,010955,KOSPI,S10,에너지·자원
SK가스,018670,KOSPI,S10,에너지·자원
SK이노베이션,096770,KOSPI,S10,에너지·자원
SK이노베이션우,096775,KOSPI,S10,에너지·자원
경동도시가스,267290,KOSPI,S10,에너지·자원
서울가스,017390,KOSPI,S10,에너지·자원
인천도시가스,034590,KOSPI,S10,에너지·자원
한국가스공사,036460,KOSPI,S10,에너지·자원
한국전력,015760,KOSPI,S10,에너지·자원
삼진식품,0013V0,KOSDAQ,S11,유통·소비재
CJ제일제당,097950,KOSPI,S11,유통·소비재
CJ제일제당 우,097955,KOSPI,S11,유통·소비재
KT&G,033780,KOSPI,S11,유통·소비재
농심,004370,KOSPI,S11,유통·소비재
농심홀딩스,072710,KOSPI,S11,유통·소비재
롯데쇼핑,023530,KOSPI,S11,유통·소비재
롯데하이마트,071840,KOSPI,S11,유통·소비재
삼양식품,003230,KOSPI,S11,유통·소비재
샘표식품,248170,KOSPI,S11,유통·소비재
서울식품,004410,KOSPI,S11,유통·소비재
서울식품우,004415,KOSPI,S11,유통·소비재
오뚜기,007310,KOSPI,S11,유통·소비재
이마트,139480,KOSPI,S11,유통·소비재
해태제과식품,101530,KOSPI,S11,유통·소비재
현대홈쇼핑,057050,KOSPI,S11,유통·소비재
기산텔레콤,035460,KOSDAQ,S12,통신·인프라
나이스정보통신,036800,KOSDAQ,S12,통신·인프라
대신정보통신,020180,KOSDAQ,S12,통신·인프라
대한광통신,010170,KOSDAQ,S12,통신·인프라
서울전자통신,027040,KOSDAQ,S12,통신·인프라
세종텔레콤,036630,KOSDAQ,S12,통신·인프라
한국정보통신,025770,KOSDAQ,S12,통신·인프라
KT,030200,KOSPI,S12,통신·인프라
LG유플러스,032640,KOSPI,S12,통신·인프라
SK텔레콤,017670,KOSPI,S12,통신·인프라
3S,060310,KOSDAQ,S99,기타
APS,054620,KOSDAQ,S99,기타
APS이노베이션,079810,KOSDAQ,S99,기타
AP시스템,265520,KOSDAQ,S99,기타
AP위성,211270,KOSDAQ,S99,기타
BGF에코머티리얼즈,126600,KOSDAQ,S99,기타
CG인바이츠,083790,KOSDAQ,S99,기타
CJ ENM,035760,KOSDAQ,S99,기타
CJ프레시웨이,051500,KOSDAQ,S99,기타
CNT85,056730,KOSDAQ,S99,기타
CS,065770,KOSDAQ,S99,기타
CSA 코스믹,083660,KOSDAQ,S99,기타
DGI,099520,KOSDAQ,S99,기타
DMS,068790,KOSDAQ,S99,기타
DSC인베스트먼트,241520,KOSDAQ,S99,기타
DXVX,180400,KOSDAQ,S99,기타
E8,418620,KOSDAQ,S99,기타
EDGC,245620,KOSDAQ,S99,기타
EG,037370,KOSDAQ,S99,기타
ES큐브,050120,KOSDAQ,S99,기타
FSN,214270,KOSDAQ,S99,기타
GC메디아이,032620,KOSDAQ,S99,기타
GRT,900290,KOSDAQ,S99,기타
GST,083450,KOSDAQ,S99,기타
HB솔루션,297890,KOSDAQ,S99,기타
HB인베스트먼트,440290,KOSDAQ,S99,기타
HB테크놀러지,078150,KOSDAQ,S99,기타
HC보광산업,225530,KOSDAQ,S99,기타
HC홈센타,060560,KOSDAQ,S99,기타
HEM파마,376270,KOSDAQ,S99,기타
HK이노엔,195940,KOSDAQ,S99,기타
HLB생명과학,067630,KOSDAQ,S99,기타
HLB이노베이션,024850,KOSDAQ,S99,기타
HLB제넥스,187420,KOSDAQ,S99,기타
HLB테라퓨틱스,115450,KOSDAQ,S99,기타
HLB파나진,046210,KOSDAQ,S99,기타
HLB펩,196300,KOSDAQ,S99,기타
HRS,036640,KOSDAQ,S99,기타
IBKS제23호스팩,467930,KOSDAQ,S99,기타
IBKS제24호스팩,469480,KOSDAQ,S99,기타
IBKS제25호스팩,0099X0,KOSDAQ,S99,기타
ISC,095340,KOSDAQ,S99,기타
JTC,950170,KOSDAQ,S99,기타
JW신약,067290,KOSDAQ,S99,기타
JYP Ent.,035900,KOSDAQ,S99,기타
KBG,318000,KOSDAQ,S99,기타
KBI메탈,024840,KOSDAQ,S99,기타
KB제29호스팩,478390,KOSDAQ,S99,기타
KB제30호스팩,486630,KOSDAQ,S99,기타
KB제31호스팩,492220,KOSDAQ,S99,기타
KB제32호스팩,0037T0,KOSDAQ,S99,기타
KB제33호스팩,0072Z0,KOSDAQ,S99,기타
KD,044180,KOSDAQ,S99,기타
KG에코솔루션,151860,KOSDAQ,S99,기타
KG이니시스,035600,KOSDAQ,S99,기타
KG파이낸셜,046440,KOSDAQ,S99,기타
KH바텍,060720,KOSDAQ,S99,기타
KNN,058400,KOSDAQ,S99,기타
KS인더스트리,101000,KOSDAQ,S99,기타
KT나스미디어,089600,KOSDAQ,S99,기타
KT밀리의서재,418470,KOSDAQ,S99,기타
KT지니뮤직,043610,KOSDAQ,S99,기타
KX,122450,KOSDAQ,S99,기타
KX하이텍,052900,KOSDAQ,S99,기타
KZ정밀,036560,KOSDAQ,S99,기타
LB세미콘,061970,KOSDAQ,S99,기타
LB인베스트먼트,309960,KOSDAQ,S99,기타
LIG아큐버,073490,KOSDAQ,S99,기타
LK삼양,225190,KOSDAQ,S99,기타
LSK아이로봇,091970,KOSDAQ,S99,기타
LS마린솔루션,060370,KOSDAQ,S99,기타
LS머트리얼즈,417200,KOSDAQ,S99,기타
LS티라유텍,322180,KOSDAQ,S99,기타
M83,476080,KOSDAQ,S99,기타
MDS테크,086960,KOSDAQ,S99,기타
NEW,160550,KOSDAQ,S99,기타
NE능률,053290,KOSDAQ,S99,기타
NHN KCP,060250,KOSDAQ,S99,기타
NHN벅스,104200,KOSDAQ,S99,기타
NICE인프라,063570,KOSDAQ,S99,기타
PN풍년,024940,KOSDAQ,S99,기타
PS일렉트로닉스,332570,KOSDAQ,S99,기타
RFHIC,218410,KOSDAQ,S99,기타
RF머트리얼즈,327260,KOSDAQ,S99,기타
RF시스템즈,474610,KOSDAQ,S99,기타
S&K폴리텍,091340,KOSDAQ,S99,기타
SAMG엔터,419530,KOSDAQ,S99,기타
SBI인베스트먼트,019550,KOSDAQ,S99,기타
SCL사이언스,246960,KOSDAQ,S99,기타
SDN,099220,KOSDAQ,S99,기타
SFA,056190,KOSDAQ,S99,기타
SFA넥셀,222080,KOSDAQ,S99,기타
SG,255220,KOSDAQ,S99,기타
SG&G,040610,KOSDAQ,S99,기타
SGA솔루션즈,184230,KOSDAQ,S99,기타
SGC E&C,016250,KOSDAQ,S99,기타
SKAI,357880,KOSDAQ,S99,기타
SM C&C,048550,KOSDAQ,S99,기타
SM Life Design,063440,KOSDAQ,S99,기타
SOOP,067160,KOSDAQ,S99,기타
SV인베스트먼트,289080,KOSDAQ,S99,기타
SY동아,041930,KOSDAQ,S99,기타
THE E&M,089230,KOSDAQ,S99,기타
TJ미디어,032540,KOSDAQ,S99,기타
TPC로보틱스,048770,KOSDAQ,S99,기타
TS인베스트먼트,246690,KOSDAQ,S99,기타
TS트릴리온,317240,KOSDAQ,S99,기타
YBM넷,057030,KOSDAQ,S99,기타
YTN,040300,KOSDAQ,S99,기타
YW,051390,KOSDAQ,S99,기타
iMBC,052220,KOSDAQ,S99,기타
가비아,079940,KOSDAQ,S99,기타
가온그룹,078890,KOSDAQ,S99,기타
가온칩스,399720,KOSDAQ,S99,기타
감성코퍼레이션,036620,KOSDAQ,S99,기타
강동씨앤엘,198440,KOSDAQ,S99,기타
강원에너지,114190,KOSDAQ,S99,기타
갤럭시아머니트리,094480,KOSDAQ,S99,기타
경남스틸,039240,KOSDAQ,S99,기타
경창산업,024910,KOSDAQ,S99,기타
고려신용정보,049720,KOSDAQ,S99,기타
고스트스튜디오,950190,KOSDAQ,S99,기타
고영,098460,KOSDAQ,S99,기타
골드앤에스,035290,KOSDAQ,S99,기타
골프존,215000,KOSDAQ,S99,기타
골프존홀딩스,121440,KOSDAQ,S99,기타
광무,029480,KOSDAQ,S99,기타
광진실업,026910,KOSDAQ,S99,기타
교보15호스팩,465320,KOSDAQ,S99,기타
교보16호스팩,482520,KOSDAQ,S99,기타
교보17호스팩,489210,KOSDAQ,S99,기타
교보18호스팩,0041B0,KOSDAQ,S99,기타
교보19호스팩,0098T0,KOSDAQ,S99,기타
교보20호스팩,0132G0,KOSDAQ,S99,기타
구영테크,053270,KOSDAQ,S99,기타
국보디자인,066620,KOSDAQ,S99,기타
국순당,043650,KOSDAQ,S99,기타
국영지앤엠,006050,KOSDAQ,S99,기타
국일신동,060480,KOSDAQ,S99,기타
국일제지,078130,KOSDAQ,S99,기타
국전,307750,KOSDAQ,S99,기타
그래디언트,035080,KOSDAQ,S99,기타
그래피,318060,KOSDAQ,S99,기타
그리드위즈,453450,KOSDAQ,S99,기타
그리티,204020,KOSDAQ,S99,기타
그린광학,0015G0,KOSDAQ,S99,기타
그린리소스,402490,KOSDAQ,S99,기타
그린생명과학,114450,KOSDAQ,S99,기타
그린플러스,186230,KOSDAQ,S99,기타
글로벌에스엠,900070,KOSDAQ,S99,기타
글로벌텍스프리,204620,KOSDAQ,S99,기타
글로본,019660,KOSDAQ,S99,기타
금양그린파워,282720,KOSDAQ,S99,기타
금화피에스시,036190,KOSDAQ,S99,기타
기가레인,049080,KOSDAQ,S99,기타
기가비스,420770,KOSDAQ,S99,기타
꿈비,407400,KOSDAQ,S99,기타
나노,187790,KOSDAQ,S99,기타
나노씨엠에스,247660,KOSDAQ,S99,기타
나노엔텍,039860,KOSDAQ,S99,기타
나노팀,417010,KOSDAQ,S99,기타
나라셀라,405920,KOSDAQ,S99,기타
나라스페이스테크놀로지,478340,KOSDAQ,S99,기타
나라엠앤디,051490,KOSDAQ,S99,기타
나래나노텍,137080,KOSDAQ,S99,기타
나무가,190510,KOSDAQ,S99,기타
나무기술,242040,KOSDAQ,S99,기타
나우IB,293580,KOSDAQ,S99,기타
나우로보틱스,459510,KOSDAQ,S99,기타
나이벡,138610,KOSDAQ,S99,기타
나이스디앤비,130580,KOSDAQ,S99,기타
나인앤컴퍼니,366030,KOSDAQ,S99,기타
나인테크,267320,KOSDAQ,S99,기타
남화산업,111710,KOSDAQ,S99,기타
남화토건,091590,KOSDAQ,S99,기타
내츄럴엔도텍,168330,KOSDAQ,S99,기타
네오리진,094860,KOSDAQ,S99,기타
네오셈,253590,KOSDAQ,S99,기타
네오위즈,095660,KOSDAQ,S99,기타
네오위즈홀딩스,042420,KOSDAQ,S99,기타
네오이뮨텍,950220,KOSDAQ,S99,기타
네오크레마,311390,KOSDAQ,S99,기타
네오티스,085910,KOSDAQ,S99,기타
네오팜,092730,KOSDAQ,S99,기타
네이블,153460,KOSDAQ,S99,기타
네이처셀,007390,KOSDAQ,S99,기타
네패스,033640,KOSDAQ,S99,기타
네패스아크,330860,KOSDAQ,S99,기타
넥사다이내믹스,351320,KOSDAQ,S99,기타
넥스턴앤롤코리아,089140,KOSDAQ,S99,기타
넥스트아이,137940,KOSDAQ,S99,기타
넥스트칩,396270,KOSDAQ,S99,기타
넥스틴,348210,KOSDAQ,S99,기타
넥써쓰,205500,KOSDAQ,S99,기타
넵튠,217270,KOSDAQ,S99,기타
노랑풍선,104620,KOSDAQ,S99,기타
노머스,473980,KOSDAQ,S99,기타
노바렉스,194700,KOSDAQ,S99,기타
노바텍,285490,KOSDAQ,S99,기타
노브랜드,145170,KOSDAQ,S99,기타
노을,376930,KOSDAQ,S99,기타
노타,486990,KOSDAQ,S99,기타
녹십자엠에스,142280,KOSDAQ,S99,기타
녹십자웰빙,234690,KOSDAQ,S99,기타
누리플랜,069140,KOSDAQ,S99,기타
누리플렉스,040160,KOSDAQ,S99,기타
누보,332290,KOSDAQ,S99,기타
뉴로메카,348340,KOSDAQ,S99,기타
뉴로핏,380550,KOSDAQ,S99,기타
뉴보텍,060260,KOSDAQ,S99,기타
뉴엔AI,463020,KOSDAQ,S99,기타
뉴온,123840,KOSDAQ,S99,기타
뉴인텍,012340,KOSDAQ,S99,기타
뉴키즈온,462310,KOSDAQ,S99,기타
뉴트리,270870,KOSDAQ,S99,기타
뉴파워프라즈마,144960,KOSDAQ,S99,기타
뉴프렉스,085670,KOSDAQ,S99,기타
다날,064260,KOSDAQ,S99,기타
다보링크,340360,KOSDAQ,S99,기타
다산네트웍스,039560,KOSDAQ,S99,기타
다산디엠씨,208860,KOSDAQ,S99,기타
다산솔루에타,154040,KOSDAQ,S99,기타
다우데이타,032190,KOSDAQ,S99,기타
다원넥스뷰,323350,KOSDAQ,S99,기타
다원시스,068240,KOSDAQ,S99,기타
다이나믹솔루션,290660,KOSDAQ,S99,기타
닷밀,464580,KOSDAQ,S99,기타
대동금속,020400,KOSDAQ,S99,기타
대동기어,008830,KOSDAQ,S99,기타
대동스틸,048470,KOSDAQ,S99,기타
대륙제관,004780,KOSDAQ,S99,기타
대림제지,017650,KOSDAQ,S99,기타
대명에너지,389260,KOSDAQ,S99,기타
대모,317850,KOSDAQ,S99,기타
대보마그네틱,290670,KOSDAQ,S99,기타
대봉엘에스,078140,KOSDAQ,S99,기타
대산F&B,065150,KOSDAQ,S99,기타
대성미생물,036480,KOSDAQ,S99,기타
대성창투,027830,KOSDAQ,S99,기타
대성하이텍,129920,KOSDAQ,S99,기타
대신밸런스제17호스팩,471050,KOSDAQ,S99,기타
대신밸런스제19호스팩,482690,KOSDAQ,S99,기타
대신밸런스제20호스팩,0134X0,KOSDAQ,S99,기타
대아티아이,045390,KOSDAQ,S99,기타
대양전기공업,108380,KOSDAQ,S99,기타
대원,007680,KOSDAQ,S99,기타
대원미디어,048910,KOSDAQ,S99,기타
대원산업,005710,KOSDAQ,S99,기타
대정화금,120240,KOSDAQ,S99,기타
대주산업,003310,KOSDAQ,S99,기타
대주전자재료,078600,KOSDAQ,S99,기타
대창솔루션,096350,KOSDAQ,S99,기타
대창스틸,140520,KOSDAQ,S99,기타
대한과학,131220,KOSDAQ,S99,기타
대한뉴팜,054670,KOSDAQ,S99,기타
대한약품,023910,KOSDAQ,S99,기타
대호특수강,021040,KOSDAQ,S99,기타
대호특수강우,021045,KOSDAQ,S99,기타
더네이쳐홀딩스,298540,KOSDAQ,S99,기타
더라미,032860,KOSDAQ,S99,기타
더블유씨피,393890,KOSDAQ,S99,기타
더블유에스아이,299170,KOSDAQ,S99,기타
더즌,462860,KOSDAQ,S99,기타
더코디,224060,KOSDAQ,S99,기타
더테크놀로지,043090,KOSDAQ,S99,기타
더핑크퐁컴퍼니,403850,KOSDAQ,S99,기타
덕산네오룩스,213420,KOSDAQ,S99,기타
덕산테코피아,317330,KOSDAQ,S99,기타
덕산하이메탈,077360,KOSDAQ,S99,기타
덕신이피씨,090410,KOSDAQ,S99,기타
덕양에너젠,0001A0,KOSDAQ,S99,기타
덕우전자,263600,KOSDAQ,S99,기타
데브시스터즈,194480,KOSDAQ,S99,기타
데이원컴퍼니,373160,KOSDAQ,S99,기타
데이타솔루션,263800,KOSDAQ,S99,기타
덱스터,206560,KOSDAQ,S99,기타
덴티스,261200,KOSDAQ,S99,기타
도우인시스,484120,KOSDAQ,S99,기타
도이치모터스,067990,KOSDAQ,S99,기타
동국S&C,100130,KOSDAQ,S99,기타
동국산업,005160,KOSDAQ,S99,기타
동국생명과학,303810,KOSDAQ,S99,기타
동국알앤에스,075970,KOSDAQ,S99,기타
동방메디컬,240550,KOSDAQ,S99,기타
동방선기,099410,KOSDAQ,S99,기타
동성화인텍,033500,KOSDAQ,S99,기타
동아엘텍,088130,KOSDAQ,S99,기타
동양에스텍,060380,KOSDAQ,S99,기타
동양이엔피,079960,KOSDAQ,S99,기타
동양파일,228340,KOSDAQ,S99,기타
동우팜투테이블,088910,KOSDAQ,S99,기타
동운아나텍,094170,KOSDAQ,S99,기타
동일금속,109860,KOSDAQ,S99,기타
동일기연,032960,KOSDAQ,S99,기타
동일스틸럭스,023790,KOSDAQ,S99,기타
동진쎄미켐,005290,KOSDAQ,S99,기타
동화기업,025900,KOSDAQ,S99,기타
두산테스나,131970,KOSDAQ,S99,기타
듀오백,073190,KOSDAQ,S99,기타
드래곤플라이,030350,KOSDAQ,S99,기타
드림시큐리티,203650,KOSDAQ,S99,기타
드림씨아이에스,223250,KOSDAQ,S99,기타
드림어스컴퍼니,060570,KOSDAQ,S99,기타
드림인사이트,362990,KOSDAQ,S99,기타
디모아,016670,KOSDAQ,S99,기타
디바이스,187870,KOSDAQ,S99,기타
디아이티,110990,KOSDAQ,S99,기타
디알젬,263690,KOSDAQ,S99,기타
디알텍,214680,KOSDAQ,S99,기타
디앤디파마텍,347850,KOSDAQ,S99,기타
디앤씨미디어,263720,KOSDAQ,S99,기타
디어유,376300,KOSDAQ,S99,기타
디에스엠,104040,KOSDAQ,S99,기타
디에스케이,109740,KOSDAQ,S99,기타
디에이치엑스컴퍼니,031860,KOSDAQ,S99,기타
디에이테크놀로지,196490,KOSDAQ,S99,기타
디에이피,066900,KOSDAQ,S99,기타
디엔에프,092070,KOSDAQ,S99,기타
디오,039840,KOSDAQ,S99,기타
디와이디,219550,KOSDAQ,S99,기타
디와이씨,310870,KOSDAQ,S99,기타
디와이피엔에프,104460,KOSDAQ,S99,기타
디젠스,113810,KOSDAQ,S99,기타
디지아이,043360,KOSDAQ,S99,기타
디지캡,197140,KOSDAQ,S99,기타
디지털대성,068930,KOSDAQ,S99,기타
디케이락,105740,KOSDAQ,S99,기타
디케이앤디,263020,KOSDAQ,S99,기타
디케이티,290550,KOSDAQ,S99,기타
디티씨,066670,KOSDAQ,S99,기타
디티앤씨,187220,KOSDAQ,S99,기타
디티앤씨알오,383930,KOSDAQ,S99,기타
딜리,131180,KOSDAQ,S99,기타
딥노이드,315640,KOSDAQ,S99,기타
딥커머스,900110,KOSDAQ,S99,기타
라닉스,317120,KOSDAQ,S99,기타
라메디텍,462510,KOSDAQ,S99,기타
라온로보틱스,232680,KOSDAQ,S99,기타
라온시큐어,042510,KOSDAQ,S99,기타
라온텍,418420,KOSDAQ,S99,기타
라온피플,300120,KOSDAQ,S99,기타
라이온켐텍,171120,KOSDAQ,S99,기타
라이콤,388790,KOSDAQ,S99,기타
라파스,214260,KOSDAQ,S99,기타
램테크놀러지,171010,KOSDAQ,S99,기타
랩지노믹스,084650,KOSDAQ,S99,기타
러셀,217500,KOSDAQ,S99,기타
레드캡투어,038390,KOSDAQ,S99,기타
레메디,387690,KOSDAQ,S99,기타
레몬,294140,KOSDAQ,S99,기타
레뷰코퍼레이션,443250,KOSDAQ,S99,기타
레이,228670,KOSDAQ,S99,기타
레이언스,228850,KOSDAQ,S99,기타
레이저쎌,412350,KOSDAQ,S99,기타
레이저옵텍,199550,KOSDAQ,S99,기타
레이크머티리얼즈,281740,KOSDAQ,S99,기타
로보로보,215100,KOSDAQ,S99,기타
로보스타,090360,KOSDAQ,S99,기타
로보티즈,108490,KOSDAQ,S99,기타
로스웰,900260,KOSDAQ,S99,기타
로젠,033290,KOSDAQ,S99,기타
로지시스,067730,KOSDAQ,S99,기타
로체시스템즈,071280,KOSDAQ,S99,기타
롤링스톤,214610,KOSDAQ,S99,기타
루멘스,038060,KOSDAQ,S99,기타
루미르,474170,KOSDAQ,S99,기타
루트K,195990,KOSDAQ,S99,기타
리노공업,058470,KOSDAQ,S99,기타
리더스코스메틱,016100,KOSDAQ,S99,기타
리드코프,012700,KOSDAQ,S99,기타
리메드,302550,KOSDAQ,S99,기타
리브스메드,491000,KOSDAQ,S99,기타
리센스메디컬,394420,KOSDAQ,S99,기타
리튬포어스,073570,KOSDAQ,S99,기타
리파인,377450,KOSDAQ,S99,기타
린드먼아시아,277070,KOSDAQ,S99,기타
링네트,042500,KOSDAQ,S99,기타
링크드,193250,KOSDAQ,S99,기타
링크솔루션,474650,KOSDAQ,S99,기타
링크제니시스,219420,KOSDAQ,S99,기타
마녀공장,439090,KOSDAQ,S99,기타
마니커에프앤지,195500,KOSDAQ,S99,기타
마음AI,377480,KOSDAQ,S99,기타
마이크로디지탈,305090,KOSDAQ,S99,기타
마이크로컨텍솔,098120,KOSDAQ,S99,기타
마이크로투나노,424980,KOSDAQ,S99,기타
마크로젠,038290,KOSDAQ,S99,기타
마키나락스,477850,KOSDAQ,S99,기타
매드업,0039P0,KOSDAQ,S99,기타
매일유업,267980,KOSDAQ,S99,기타
매일홀딩스,005990,KOSDAQ,S99,기타
매커스,093520,KOSDAQ,S99,기타
머큐리,100590,KOSDAQ,S99,기타
멀티캠퍼스,067280,KOSDAQ,S99,기타
메가엠디,133750,KOSDAQ,S99,기타
메가터치,446540,KOSDAQ,S99,기타
메드팩토,235980,KOSDAQ,S99,기타
메디아나,041920,KOSDAQ,S99,기타
메디앙스,014100,KOSDAQ,S99,기타
메디콕스,054180,KOSDAQ,S99,기타
메디톡스,086900,KOSDAQ,S99,기타
메디포스트,078160,KOSDAQ,S99,기타
메쎄이상,408920,KOSDAQ,S99,기타
메이슨캐피탈,021880,KOSDAQ,S99,기타
메쥬,0088M0,KOSDAQ,S99,기타
메지온,140410,KOSDAQ,S99,기타
메카로,241770,KOSDAQ,S99,기타
멕아이씨에스,058110,KOSDAQ,S99,기타
멤레이비티,072770,KOSDAQ,S99,기타
모니터랩,434480,KOSDAQ,S99,기타
모다이노칩,080420,KOSDAQ,S99,기타
모델솔루션,417970,KOSDAQ,S99,기타
모두투어,080160,KOSDAQ,S99,기타
모바일어플라이언스,087260,KOSDAQ,S99,기타
모베이스,101330,KOSDAQ,S99,기타
모베이스전자,012860,KOSDAQ,S99,기타
모비데이즈,363260,KOSDAQ,S99,기타
모비릭스,348030,KOSDAQ,S99,기타
모아데이타,288980,KOSDAQ,S99,기타
모아라이프플러스,142760,KOSDAQ,S99,기타
모아텍,033200,KOSDAQ,S99,기타
모트렉스,118990,KOSDAQ,S99,기타
모티브링크,463480,KOSDAQ,S99,기타
모헨즈,006920,KOSDAQ,S99,기타
무림SP,001810,KOSDAQ,S99,기타
미디어젠,279600,KOSDAQ,S99,기타
미래나노텍,095500,KOSDAQ,S99,기타
미래에셋벤처투자,100790,KOSDAQ,S99,기타
미래에셋비전스팩10호,0097F0,KOSDAQ,S99,기타
미래에셋비전스팩11호,0099W0,KOSDAQ,S99,기타
미래에셋비전스팩4호,477380,KOSDAQ,S99,기타
미래에셋비전스팩5호,477470,KOSDAQ,S99,기타
미래에셋비전스팩6호,478440,KOSDAQ,S99,기타
미래에셋비전스팩7호,482680,KOSDAQ,S99,기타
미래에셋비전스팩8호,0093G0,KOSDAQ,S99,기타
미래에셋비전스팩9호,0096D0,KOSDAQ,S99,기타
미래컴퍼니,049950,KOSDAQ,S99,기타
미스터블루,207760,KOSDAQ,S99,기타
미코,059090,KOSDAQ,S99,기타
미투온,201490,KOSDAQ,S99,기타
미트박스,475460,KOSDAQ,S99,기타
민테크,452200,KOSDAQ,S99,기타
바디텍메드,206640,KOSDAQ,S99,기타
바른손이앤에이,035620,KOSDAQ,S99,기타
바이넥스,053030,KOSDAQ,S99,기타
바이브컴퍼니,301300,KOSDAQ,S99,기타
바이젠셀,308080,KOSDAQ,S99,기타
바텍,043150,KOSDAQ,S99,기타
배럴,267790,KOSDAQ,S99,기타
백금T&A,046310,KOSDAQ,S99,기타
밸로프,331520,KOSDAQ,S99,기타
뱅크웨어글로벌,199480,KOSDAQ,S99,기타
버넥트,438700,KOSDAQ,S99,기타
버킷스튜디오,066410,KOSDAQ,S99,기타
범한퓨얼셀,382900,KOSDAQ,S99,기타
베노티앤알,206400,KOSDAQ,S99,기타
베뉴지,019010,KOSDAQ,S99,기타
베셀,177350,KOSDAQ,S99,기타
벡트,457600,KOSDAQ,S99,기타
벨로크,424760,KOSDAQ,S99,기타
보라티알,250000,KOSDAQ,S99,기타
보로노이,310210,KOSDAQ,S99,기타
보성파워텍,006910,KOSDAQ,S99,기타
보원케미칼,0010F0,KOSDAQ,S99,기타
본느,226340,KOSDAQ,S99,기타
부방,014470,KOSDAQ,S99,기타
부스타,008470,KOSDAQ,S99,기타
뷰노,338220,KOSDAQ,S99,기타
뷰웍스,100120,KOSDAQ,S99,기타
뷰티스킨,406820,KOSDAQ,S99,기타
브레인즈컴퍼니,099390,KOSDAQ,S99,기타
브리지텍,064480,KOSDAQ,S99,기타
브이씨,365900,KOSDAQ,S99,기타
브이엠,089970,KOSDAQ,S99,기타
브이원텍,251630,KOSDAQ,S99,기타
브이티,018290,KOSDAQ,S99,기타
블랙야크아이앤씨,478560,KOSDAQ,S99,기타
블루엠텍,439580,KOSDAQ,S99,기타
블루콤,033560,KOSDAQ,S99,기타
블리츠웨이엔터테인먼트,369370,KOSDAQ,S99,기타
비나텍,126340,KOSDAQ,S99,기타
비덴트,121800,KOSDAQ,S99,기타
비비씨,318410,KOSDAQ,S99,기타
비스토스,419540,KOSDAQ,S99,기타
비씨엔씨,146320,KOSDAQ,S99,기타
비아이매트릭스,413640,KOSDAQ,S99,기타
비아트론,141000,KOSDAQ,S99,기타
비에이치아이,083650,KOSDAQ,S99,기타
비엔케이제3호스팩,0068Y0,KOSDAQ,S99,기타
비엘팜텍,065170,KOSDAQ,S99,기타
비엠티,086670,KOSDAQ,S99,기타
비츠로넥스텍,488900,KOSDAQ,S99,기타
비츠로셀,082920,KOSDAQ,S99,기타
비츠로시스,054220,KOSDAQ,S99,기타
비츠로테크,042370,KOSDAQ,S99,기타
비케이홀딩스,050090,KOSDAQ,S99,기타
비큐AI,148780,KOSDAQ,S99,기타
비투엔,307870,KOSDAQ,S99,기타
비트맥스,377030,KOSDAQ,S99,기타
비트컴퓨터,032850,KOSDAQ,S99,기타
비트플래닛,049470,KOSDAQ,S99,기타
비피도,238200,KOSDAQ,S99,기타
빅솔론,093190,KOSDAQ,S99,기타
빅텍,065450,KOSDAQ,S99,기타
빌리언스,044480,KOSDAQ,S99,기타
빛과전자,069540,KOSDAQ,S99,기타
빛샘전자,072950,KOSDAQ,S99,기타
삐아,451250,KOSDAQ,S99,기타
사람인,143240,KOSDAQ,S99,기타
사이냅소프트,466410,KOSDAQ,S99,기타
사토시홀딩스,223310,KOSDAQ,S99,기타
산돌,419120,KOSDAQ,S99,기타
삼기,122350,KOSDAQ,S99,기타
삼륭물산,014970,KOSDAQ,S99,기타
삼목에스폼,018310,KOSDAQ,S99,기타
삼미금속,012210,KOSDAQ,S99,기타
삼보모터스,053700,KOSDAQ,S99,기타
삼보산업,009620,KOSDAQ,S99,기타
삼보판지,023600,KOSDAQ,S99,기타
삼성스팩10호,0044K0,KOSDAQ,S99,기타
삼성스팩11호,0071M0,KOSDAQ,S99,기타
삼성스팩12호,0096B0,KOSDAQ,S99,기타
삼성스팩13호,0115H0,KOSDAQ,S99,기타
삼양엔씨켐,482630,KOSDAQ,S99,기타
삼양컴텍,484590,KOSDAQ,S99,기타
삼양케이씨아이,036670,KOSDAQ,S99,기타
삼영에스앤씨,361670,KOSDAQ,S99,기타
삼영엠텍,054540,KOSDAQ,S99,기타
삼영이엔씨,065570,KOSDAQ,S99,기타
삼일,032280,KOSDAQ,S99,기타
삼일기업공사,002290,KOSDAQ,S99,기타
삼지전자,037460,KOSDAQ,S99,기타
삼진,032750,KOSDAQ,S99,기타
삼진엘앤디,054090,KOSDAQ,S99,기타
삼천리자전거,024950,KOSDAQ,S99,기타
삼표시멘트,038500,KOSDAQ,S99,기타
삼현,437730,KOSDAQ,S99,기타
삼화네트웍스,046390,KOSDAQ,S99,기타
상보,027580,KOSDAQ,S99,기타
상상인,038540,KOSDAQ,S99,기타
상신이디피,091580,KOSDAQ,S99,기타
상신전자,263810,KOSDAQ,S99,기타
상아프론테크,089980,KOSDAQ,S99,기타
새로닉스,042600,KOSDAQ,S99,기타
새빗켐,107600,KOSDAQ,S99,기타
샌즈랩,411080,KOSDAQ,S99,기타
샘씨엔에스,252990,KOSDAQ,S99,기타
샤페론,378800,KOSDAQ,S99,기타
서남,294630,KOSDAQ,S99,기타
서부T&D,006730,KOSDAQ,S99,기타
서산,079650,KOSDAQ,S99,기타
서암기계공업,100660,KOSDAQ,S99,기타
서연탑메탈,019770,KOSDAQ,S99,기타
서울옥션,063170,KOSDAQ,S99,기타
서울평가정보,036120,KOSDAQ,S99,기타
서원인텍,093920,KOSDAQ,S99,기타
서전기전,189860,KOSDAQ,S99,기타
서진시스템,178320,KOSDAQ,S99,기타
서플러스글로벌,140070,KOSDAQ,S99,기타
서한,011370,KOSDAQ,S99,기타
서호전기,065710,KOSDAQ,S99,기타
석경에이티,357550,KOSDAQ,S99,기타
선광,003100,KOSDAQ,S99,기타
선익시스템,171090,KOSDAQ,S99,기타
선진뷰티사이언스,086710,KOSDAQ,S99,기타
성광벤드,014620,KOSDAQ,S99,기타
성도이엔지,037350,KOSDAQ,S99,기타
성우,458650,KOSDAQ,S99,기타
성우전자,081580,KOSDAQ,S99,기타
성우테크론,045300,KOSDAQ,S99,기타
성우하이텍,015750,KOSDAQ,S99,기타
성원에너텍,340930,KOSDAQ,S99,기타
성일하이텍,365340,KOSDAQ,S99,기타
성호전자,043260,KOSDAQ,S99,기타
세경하이테크,148150,KOSDAQ,S99,기타
세나테크놀로지,061090,KOSDAQ,S99,기타
세니젠,188260,KOSDAQ,S99,기타
세동,053060,KOSDAQ,S99,기타
세림B&G,340440,KOSDAQ,S99,기타
세명전기,017510,KOSDAQ,S99,기타
세미티에스,0017J0,KOSDAQ,S99,기타
세미파이브,490470,KOSDAQ,S99,기타
세보엠이씨,011560,KOSDAQ,S99,기타
세아메카닉스,396300,KOSDAQ,S99,기타
세운메디칼,100700,KOSDAQ,S99,기타
세원물산,024830,KOSDAQ,S99,기타
세종메디칼,258830,KOSDAQ,S99,기타
세중,039310,KOSDAQ,S99,기타
세진티에스,067770,KOSDAQ,S99,기타
세코닉스,053450,KOSDAQ,S99,기타
세화피앤씨,252500,KOSDAQ,S99,기타
센서뷰,321370,KOSDAQ,S99,기타
센코,347000,KOSDAQ,S99,기타
셀레믹스,331920,KOSDAQ,S99,기타
셀레스트라,352770,KOSDAQ,S99,기타
셀로맥스사이언스,471820,KOSDAQ,S99,기타
셀루메드,049180,KOSDAQ,S99,기타
셀리드,299660,KOSDAQ,S99,기타
셀바스AI,108860,KOSDAQ,S99,기타
셀비온,308430,KOSDAQ,S99,기타
셀피글로벌,068940,KOSDAQ,S99,기타
소노스퀘어,007720,KOSDAQ,S99,기타
소룩스,290690,KOSDAQ,S99,기타
소마젠,950200,KOSDAQ,S99,기타
소프트센,032680,KOSDAQ,S99,기타
소프트센우,032685,KOSDAQ,S99,기타
소프트캠프,258790,KOSDAQ,S99,기타
손오공,066910,KOSDAQ,S99,기타
솔디펜스,215090,KOSDAQ,S99,기타
솔본,035610,KOSDAQ,S99,기타
솔브레인,357780,KOSDAQ,S99,기타
솔브레인홀딩스,036830,KOSDAQ,S99,기타
솔트룩스,304100,KOSDAQ,S99,기타
솔트웨어,328380,KOSDAQ,S99,기타
쇼박스,086980,KOSDAQ,S99,기타
수산아이앤티,050960,KOSDAQ,S99,기타
수성웹툰,084180,KOSDAQ,S99,기타
수젠텍,253840,KOSDAQ,S99,기타
슈어소프트테크,298830,KOSDAQ,S99,기타
슈프리마,236200,KOSDAQ,S99,기타
슈프리마에이치큐,094840,KOSDAQ,S99,기타
슈피겐코리아,192440,KOSDAQ,S99,기타
스마트레이더시스템,424960,KOSDAQ,S99,기타
스맥,099440,KOSDAQ,S99,기타
스모트로닉,066590,KOSDAQ,S99,기타
스코넥,276040,KOSDAQ,S99,기타
스타코링크,060240,KOSDAQ,S99,기타
스타플렉스,115570,KOSDAQ,S99,기타
스톤브릿지벤처스,330730,KOSDAQ,S99,기타
스톰테크,352090,KOSDAQ,S99,기타
스튜디오드래곤,253450,KOSDAQ,S99,기타
스튜디오미르,408900,KOSDAQ,S99,기타
스튜디오삼익,415380,KOSDAQ,S99,기타
스트라드비젼,475040,KOSDAQ,S99,기타
스페코,013810,KOSDAQ,S99,기타
스피어,347700,KOSDAQ,S99,기타
승일,049830,KOSDAQ,S99,기타
시그네틱스,033170,KOSDAQ,S99,기타
시너지이노베이션,048870,KOSDAQ,S99,기타
시노펙스,025320,KOSDAQ,S99,기타
시선AI,340810,KOSDAQ,S99,기타
시스웍,269620,KOSDAQ,S99,기타
시지메드텍,056090,KOSDAQ,S99,기타
시지트로닉스,429270,KOSDAQ,S99,기타
시큐레터,418250,KOSDAQ,S99,기타
시큐브,131090,KOSDAQ,S99,기타
신도기연,290520,KOSDAQ,S99,기타
신라섬유,001000,KOSDAQ,S99,기타
신라에스지,025870,KOSDAQ,S99,기타
신라젠,215600,KOSDAQ,S99,기타
신성델타테크,065350,KOSDAQ,S99,기타
신성에스티,416180,KOSDAQ,S99,기타
신스틸,162300,KOSDAQ,S99,기타
신영스팩10호,472220,KOSDAQ,S99,기타
신영스팩11호,0091W0,KOSDAQ,S99,기타
신진에스엠,138070,KOSDAQ,S99,기타
신한제12호스팩,474660,KOSDAQ,S99,기타
신한제13호스팩,474930,KOSDAQ,S99,기타
신한제14호스팩,487360,KOSDAQ,S99,기타
신한제15호스팩,487830,KOSDAQ,S99,기타
신한제16호스팩,496070,KOSDAQ,S99,기타
신한제17호스팩,0130D0,KOSDAQ,S99,기타
신한제18호스팩,0129K0,KOSDAQ,S99,기타
신화인터텍,056700,KOSDAQ,S99,기타
신화콘텍,187270,KOSDAQ,S99,기타
신화프리텍,095190,KOSDAQ,S99,기타
신흥에스이씨,243840,KOSDAQ,S99,기타
실리콘투,257720,KOSDAQ,S99,기타
심텍,222800,KOSDAQ,S99,기타
심텍홀딩스,036710,KOSDAQ,S99,기타
싸이닉솔루션,234030,KOSDAQ,S99,기타
싸이맥스,160980,KOSDAQ,S99,기타
싸이버원,356890,KOSDAQ,S99,기타
싸이토젠,217330,KOSDAQ,S99,기타
썸에이지,208640,KOSDAQ,S99,기타
쎄노텍,222420,KOSDAQ,S99,기타
쎄니트,037760,KOSDAQ,S99,기타
쎄크,081180,KOSDAQ,S99,기타
쎄트렉아이,099320,KOSDAQ,S99,기타
쏘닉스,088280,KOSDAQ,S99,기타
쏠리드,050890,KOSDAQ,S99,기타
쓰리빌리언,394800,KOSDAQ,S99,기타
쓰리에이로직스,177900,KOSDAQ,S99,기타
씨메스로보틱스,475400,KOSDAQ,S99,기타
씨싸이트,109670,KOSDAQ,S99,기타
씨씨에스,066790,KOSDAQ,S99,기타
씨앤씨인터내셔널,352480,KOSDAQ,S99,기타
씨앤지하이테크,264660,KOSDAQ,S99,기타
씨앤투스,352700,KOSDAQ,S99,기타
씨어스,458870,KOSDAQ,S99,기타
씨에스베어링,297090,KOSDAQ,S99,기타
씨엑스아이,900120,KOSDAQ,S99,기타
씨엔알리서치,359090,KOSDAQ,S99,기타
씨엔플러스,115530,KOSDAQ,S99,기타
씨엠티엑스,388210,KOSDAQ,S99,기타
씨유메디칼,115480,KOSDAQ,S99,기타
씨유테크,376290,KOSDAQ,S99,기타
씨이랩,189330,KOSDAQ,S99,기타
씨젠,096530,KOSDAQ,S99,기타
씨큐브,101240,KOSDAQ,S99,기타
씨티케이,260930,KOSDAQ,S99,기타
씨피시스템,413630,KOSDAQ,S99,기타
아가방컴퍼니,013990,KOSDAQ,S99,기타
아나패스,123860,KOSDAQ,S99,기타
아난티,025980,KOSDAQ,S99,기타
아로마티카,0015N0,KOSDAQ,S99,기타
아모그린텍,125210,KOSDAQ,S99,기타
아모센스,357580,KOSDAQ,S99,기타
아모텍,052710,KOSDAQ,S99,기타
아미노로직스,074430,KOSDAQ,S99,기타
아미코젠,092040,KOSDAQ,S99,기타
아바코,083930,KOSDAQ,S99,기타
아바텍,149950,KOSDAQ,S99,기타
아비코전자,036010,KOSDAQ,S99,기타
아세아텍,050860,KOSDAQ,S99,기타
아셈스,136410,KOSDAQ,S99,기타
아스타,246720,KOSDAQ,S99,기타
아스테라시스,450950,KOSDAQ,S99,기타
아스트,067390,KOSDAQ,S99,기타
아스플로,159010,KOSDAQ,S99,기타
아시아경제,127710,KOSDAQ,S99,기타
아시아종묘,154030,KOSDAQ,S99,기타
아우딘퓨쳐스,227610,KOSDAQ,S99,기타
아우토크립트,331740,KOSDAQ,S99,기타
아이디스,143160,KOSDAQ,S99,기타
아이디스홀딩스,054800,KOSDAQ,S99,기타
아이디피,332370,KOSDAQ,S99,기타
아이로보틱스,066430,KOSDAQ,S99,기타
아이비김영,339950,KOSDAQ,S99,기타
아이비젼웍스,469750,KOSDAQ,S99,기타
아이빔테크놀로지,460470,KOSDAQ,S99,기타
아이센스,099190,KOSDAQ,S99,기타
아이스크림미디어,461300,KOSDAQ,S99,기타
아이스크림에듀,289010,KOSDAQ,S99,기타
아이쓰리시스템,214430,KOSDAQ,S99,기타
아이씨디,040910,KOSDAQ,S99,기타
아이씨에이치,368600,KOSDAQ,S99,기타
아이씨티케이,456010,KOSDAQ,S99,기타
아이앤씨,052860,KOSDAQ,S99,기타
아이언디바이스,464500,KOSDAQ,S99,기타
아이에스티이,212710,KOSDAQ,S99,기타
아이에이,038880,KOSDAQ,S99,기타
아이엘,307180,KOSDAQ,S99,기타
아이엠비디엑스,461030,KOSDAQ,S99,기타
아이엠티,451220,KOSDAQ,S99,기타
아이오케이이엔엠,078860,KOSDAQ,S99,기타
아이윈,090150,KOSDAQ,S99,기타
아이즈비전,031310,KOSDAQ,S99,기타
아이지넷,462980,KOSDAQ,S99,기타
아이진,185490,KOSDAQ,S99,기타
아이컴포넌트,059100,KOSDAQ,S99,기타
아이퀘스트,262840,KOSDAQ,S99,기타
아이큐어,175250,KOSDAQ,S99,기타
아이크래프트,052460,KOSDAQ,S99,기타
아이텍,119830,KOSDAQ,S99,기타
아이톡시,052770,KOSDAQ,S99,기타
아이티센글로벌,124500,KOSDAQ,S99,기타
아이티센엔텍,010280,KOSDAQ,S99,기타
아이티센피엔에스,232830,KOSDAQ,S99,기타
아이티아이즈,372800,KOSDAQ,S99,기타
아이티켐,309710,KOSDAQ,S99,기타
아이패밀리에스씨,114840,KOSDAQ,S99,기타
아주IB투자,027360,KOSDAQ,S99,기타
아즈텍WB,032080,KOSDAQ,S99,기타
아진산업,013310,KOSDAQ,S99,기타
아진엑스텍,059120,KOSDAQ,S99,기타
아크릴,0007C0,KOSDAQ,S99,기타
아톤,158430,KOSDAQ,S99,기타
아틀라스링크,297570,KOSDAQ,S99,기타
아티스트스튜디오,200350,KOSDAQ,S99,기타
아티스트컴퍼니,321820,KOSDAQ,S99,기타
안국약품,001540,KOSDAQ,S99,기타
안랩,053800,KOSDAQ,S99,기타
안트로젠,065660,KOSDAQ,S99,기타
알멕,354320,KOSDAQ,S99,기타
알비더블유,361570,KOSDAQ,S99,기타
알서포트,131370,KOSDAQ,S99,기타
알에프세미,096610,KOSDAQ,S99,기타
알에프텍,061040,KOSDAQ,S99,기타
알엔투테크놀로지,148250,KOSDAQ,S99,기타
알엔티엑스,123010,KOSDAQ,S99,기타
알지노믹스,476830,KOSDAQ,S99,기타
알체라,347860,KOSDAQ,S99,기타
알톤,123750,KOSDAQ,S99,기타
알트,459550,KOSDAQ,S99,기타
알티캐스트,085810,KOSDAQ,S99,기타
알파AI,043100,KOSDAQ,S99,기타
알파칩스,117670,KOSDAQ,S99,기타
압타머사이언스,291650,KOSDAQ,S99,기타
애니플러스,310200,KOSDAQ,S99,기타
애드포러스,397810,KOSDAQ,S99,기타
액스비스,0011A0,KOSDAQ,S99,기타
액토즈소프트,052790,KOSDAQ,S99,기타
액트로,290740,KOSDAQ,S99,기타
앤디포스,238090,KOSDAQ,S99,기타
앤로보틱스,138360,KOSDAQ,S99,기타
앤씨앤,092600,KOSDAQ,S99,기타
앱코,129890,KOSDAQ,S99,기타
앱클론,174900,KOSDAQ,S99,기타
앱토크롬,109960,KOSDAQ,S99,기타
앱튼,270520,KOSDAQ,S99,기타
야스,255440,KOSDAQ,S99,기타
양지사,030960,KOSDAQ,S99,기타
얼라인드,238120,KOSDAQ,S99,기타
에너토크,019990,KOSDAQ,S99,기타
에르코스,435570,KOSDAQ,S99,기타
에브리봇,270660,KOSDAQ,S99,기타
에스넷,038680,KOSDAQ,S99,기타
에스디생명공학,217480,KOSDAQ,S99,기타
에스디시스템,121890,KOSDAQ,S99,기타
에스비비테크,389500,KOSDAQ,S99,기타
에스씨디,042110,KOSDAQ,S99,기타
에스아이리소스,065420,KOSDAQ,S99,기타
에스앤더블류,103230,KOSDAQ,S99,기타
에스앤디,260970,KOSDAQ,S99,기타
에스앤에스텍,101490,KOSDAQ,S99,기타
에스에너지,095910,KOSDAQ,S99,기타
에스에스알,275630,KOSDAQ,S99,기타
에스에이엠티,031330,KOSDAQ,S99,기타
에스에이티,060540,KOSDAQ,S99,기타
에스엔시스,0008Z0,KOSDAQ,S99,기타
에스엠,041510,KOSDAQ,S99,기타
에스엠씨지,460870,KOSDAQ,S99,기타
에스오에스랩,464080,KOSDAQ,S99,기타
에스와이,109610,KOSDAQ,S99,기타
에스와이스틸텍,365330,KOSDAQ,S99,기타
에스제이그룹,306040,KOSDAQ,S99,기타
에스켐,475660,KOSDAQ,S99,기타
에스코넥,096630,KOSDAQ,S99,기타
에스텍,069510,KOSDAQ,S99,기타
에스투더블유,488280,KOSDAQ,S99,기타
에스트래픽,234300,KOSDAQ,S99,기타
에스티아이,039440,KOSDAQ,S99,기타
에스티오,098660,KOSDAQ,S99,기타
에스티큐브,052020,KOSDAQ,S99,기타
에스티팜,237690,KOSDAQ,S99,기타
에스팀,458350,KOSDAQ,S99,기타
에스폴리텍,050760,KOSDAQ,S99,기타
에스프리즘,288620,KOSDAQ,S99,기타
에스피소프트,443670,KOSDAQ,S99,기타
에스피시스템스,317830,KOSDAQ,S99,기타
에스피지,058610,KOSDAQ,S99,기타
에쎈테크,043340,KOSDAQ,S99,기타
에어레인,163280,KOSDAQ,S99,기타
에이디테크놀로지,200710,KOSDAQ,S99,기타
에이럭스,475580,KOSDAQ,S99,기타
에이루트,096690,KOSDAQ,S99,기타
에이비온,203400,KOSDAQ,S99,기타
에이스침대,003800,KOSDAQ,S99,기타
에이스테크,088800,KOSDAQ,S99,기타
에이스토리,241840,KOSDAQ,S99,기타
에이아이코리아,364950,KOSDAQ,S99,기타
에이에스텍,453860,KOSDAQ,S99,기타
에이에프더블류,312610,KOSDAQ,S99,기타
에이엘티,172670,KOSDAQ,S99,기타
에이유브랜즈,481070,KOSDAQ,S99,기타
에이전트AI,060900,KOSDAQ,S99,기타
에이직랜드,445090,KOSDAQ,S99,기타
에이치브이엠,295310,KOSDAQ,S99,기타
에이치시티,072990,KOSDAQ,S99,기타
에이치엔에스하이텍,044990,KOSDAQ,S99,기타
에이치엘사이언스,239610,KOSDAQ,S99,기타
에이치엠넥스,036170,KOSDAQ,S99,기타
에이치엠씨제7호스팩,477340,KOSDAQ,S99,기타
에이치와이티씨,148930,KOSDAQ,S99,기타
에이치케이,044780,KOSDAQ,S99,기타
에이치피오,357230,KOSDAQ,S99,기타
에이텀,355690,KOSDAQ,S99,기타
에이테크솔루션,071670,KOSDAQ,S99,기타
에이텍,045660,KOSDAQ,S99,기타
에이텍모빌리티,224110,KOSDAQ,S99,기타
에이티넘인베스트,021080,KOSDAQ,S99,기타
에이팩트,200470,KOSDAQ,S99,기타
에이프로,262260,KOSDAQ,S99,기타
에치에프알,230240,KOSDAQ,S99,기타
에코글로우,159910,KOSDAQ,S99,기타
에코볼트,097780,KOSDAQ,S99,기타
에코심플렉스,038870,KOSDAQ,S99,기타
에코아이,448280,KOSDAQ,S99,기타
에코앤드림,101360,KOSDAQ,S99,기타
에코캡,128540,KOSDAQ,S99,기타
에코플라스틱,038110,KOSDAQ,S99,기타
에프알텍,073540,KOSDAQ,S99,기타
에프앤가이드,064850,KOSDAQ,S99,기타
에프에스티,036810,KOSDAQ,S99,기타
에프엔씨엔터,173940,KOSDAQ,S99,기타
에프엔에스테크,083500,KOSDAQ,S99,기타
에피소드컴퍼니,317530,KOSDAQ,S99,기타
엑사이엔씨,054940,KOSDAQ,S99,기타
엑셀세라퓨틱스,373110,KOSDAQ,S99,기타
엑셈,205100,KOSDAQ,S99,기타
엑스게이트,356680,KOSDAQ,S99,기타
엑스큐어,070300,KOSDAQ,S99,기타
엑스페릭스,317770,KOSDAQ,S99,기타
엑스플러스,373200,KOSDAQ,S99,기타
엑시온그룹,069920,KOSDAQ,S99,기타
엑시콘,092870,KOSDAQ,S99,기타
엔브이에이치코리아,067570,KOSDAQ,S99,기타
엔비알모션,0004V0,KOSDAQ,S99,기타
엔비티,236810,KOSDAQ,S99,기타
엔시스,333620,KOSDAQ,S99,기타
엔시트론,101400,KOSDAQ,S99,기타
엔알비,475230,KOSDAQ,S99,기타
엔에이치스팩31호,481890,KOSDAQ,S99,기타
엔에이치스팩32호,0054V0,KOSDAQ,S99,기타
엔에이치스팩33호,0130H0,KOSDAQ,S99,기타
엔에프씨,265740,KOSDAQ,S99,기타
엔젤로보틱스,455900,KOSDAQ,S99,기타
엔젯,419080,KOSDAQ,S99,기타
엔지켐생명과학,183490,KOSDAQ,S99,기타
엔켐,348370,KOSDAQ,S99,기타
엔텔스,069410,KOSDAQ,S99,기타
엔투텍,227950,KOSDAQ,S99,기타
엔피,291230,KOSDAQ,S99,기타
엔피케이,048830,KOSDAQ,S99,기타
엘디티,096870,KOSDAQ,S99,기타
엘에스스팩1호,0041J0,KOSDAQ,S99,기타
엘엠에스,073110,KOSDAQ,S99,기타
엘오티베큠,083310,KOSDAQ,S99,기타
엘컴텍,037950,KOSDAQ,S99,기타
엘케이켐,489500,KOSDAQ,S99,기타
엘티씨,170920,KOSDAQ,S99,기타
엠디바이스,226590,KOSDAQ,S99,기타
엠로,058970,KOSDAQ,S99,기타
엠브레인,169330,KOSDAQ,S99,기타
엠아이큐브솔루션,373170,KOSDAQ,S99,기타
엠아이텍,179290,KOSDAQ,S99,기타
엠에스씨,009780,KOSDAQ,S99,기타
엠에프씨,432980,KOSDAQ,S99,기타
엠엑스로보틱스,007820,KOSDAQ,S99,기타
엠엑스온,347890,KOSDAQ,S99,기타
엠오티,413390,KOSDAQ,S99,기타
엠젠솔루션,032790,KOSDAQ,S99,기타
엠케이전자,033160,KOSDAQ,S99,기타
엠투엔,033310,KOSDAQ,S99,기타
엠플러스,259630,KOSDAQ,S99,기타
엣지파운드리,105550,KOSDAQ,S99,기타
영림원소프트랩,060850,KOSDAQ,S99,기타
영우디에스피,143540,KOSDAQ,S99,기타
영화테크,265560,KOSDAQ,S99,기타
예림당,036000,KOSDAQ,S99,기타
예선테크,250930,KOSDAQ,S99,기타
예스24,053280,KOSDAQ,S99,기타
예스티,122640,KOSDAQ,S99,기타
오가노이드사이언스,476040,KOSDAQ,S99,기타
오가닉티코스메틱,900300,KOSDAQ,S99,기타
오공,045060,KOSDAQ,S99,기타
오늘이엔엠,192410,KOSDAQ,S99,기타
오디텍,080520,KOSDAQ,S99,기타
오로라,039830,KOSDAQ,S99,기타
오로스테크놀로지,322310,KOSDAQ,S99,기타
오르비텍,046120,KOSDAQ,S99,기타
오름테라퓨틱,475830,KOSDAQ,S99,기타
오리엔탈정공,014940,KOSDAQ,S99,기타
오리엔트정공,065500,KOSDAQ,S99,기타
오리콤,010470,KOSDAQ,S99,기타
오브젠,417860,KOSDAQ,S99,기타
오비고,352910,KOSDAQ,S99,기타
오상자이엘,053980,KOSDAQ,S99,기타
오션인더블유,052300,KOSDAQ,S99,기타
오스코텍,039200,KOSDAQ,S99,기타
오스테오닉,226400,KOSDAQ,S99,기타
오스템,031510,KOSDAQ,S99,기타
오아,342870,KOSDAQ,S99,기타
오에스피,368970,KOSDAQ,S99,기타
오이솔루션,138080,KOSDAQ,S99,기타
오킨스전자,080580,KOSDAQ,S99,기타
오텍,067170,KOSDAQ,S99,기타
오파스넷,173130,KOSDAQ,S99,기타
오픈놀,440320,KOSDAQ,S99,기타
오픈베이스,049480,KOSDAQ,S99,기타
오픈엣지테크놀로지,394280,KOSDAQ,S99,기타
온코닉테라퓨틱스,476060,KOSDAQ,S99,기타
온코크로스,382150,KOSDAQ,S99,기타
올리패스,244460,KOSDAQ,S99,기타
올릭스,226950,KOSDAQ,S99,기타
옴니시스템,057540,KOSDAQ,S99,기타
옵트론텍,082210,KOSDAQ,S99,기타
옵티시스,109080,KOSDAQ,S99,기타
옵티코어,380540,KOSDAQ,S99,기타
옵티팜,153710,KOSDAQ,S99,기타
와이랩,432430,KOSDAQ,S99,기타
와이솔,122990,KOSDAQ,S99,기타
와이씨,232140,KOSDAQ,S99,기타
와이씨켐,112290,KOSDAQ,S99,기타
와이어블,065530,KOSDAQ,S99,기타
와이엔텍,067900,KOSDAQ,S99,기타
와이엠,007530,KOSDAQ,S99,기타
와이엠씨,155650,KOSDAQ,S99,기타
와이엠텍,273640,KOSDAQ,S99,기타
와이엠티,251370,KOSDAQ,S99,기타
와이제이링크,209640,KOSDAQ,S99,기타
와이즈넛,096250,KOSDAQ,S99,기타
와이즈버즈,273060,KOSDAQ,S99,기타
와이지-원,019210,KOSDAQ,S99,기타
와이지엔터테인먼트,122870,KOSDAQ,S99,기타
와토스코리아,079000,KOSDAQ,S99,기타
우듬지팜,403490,KOSDAQ,S99,기타
우리기술,032820,KOSDAQ,S99,기타
우리기술투자,041190,KOSDAQ,S99,기타
우리넷,115440,KOSDAQ,S99,기타
우리로,046970,KOSDAQ,S99,기타
우리산업,215360,KOSDAQ,S99,기타
우리산업홀딩스,072470,KOSDAQ,S99,기타
우리손에프앤지,073560,KOSDAQ,S99,기타
우리엔터프라이즈,037400,KOSDAQ,S99,기타
우리이앤엘하루틴,153490,KOSDAQ,S99,기타
우림피티에스,101170,KOSDAQ,S99,기타
우양,103840,KOSDAQ,S99,기타
우양에이치씨,101970,KOSDAQ,S99,기타
우주일렉트로,065680,KOSDAQ,S99,기타
우진비앤지,018620,KOSDAQ,S99,기타
우진엔텍,457550,KOSDAQ,S99,기타
워트,396470,KOSDAQ,S99,기타
원익,032940,KOSDAQ,S99,기타
원익QnC,074600,KOSDAQ,S99,기타
원익머트리얼즈,104830,KOSDAQ,S99,기타
원익큐브,014190,KOSDAQ,S99,기타
원익피앤이,217820,KOSDAQ,S99,기타
원익홀딩스,030530,KOSDAQ,S99,기타
원일특강,012620,KOSDAQ,S99,기타
원일티엔아이,136150,KOSDAQ,S99,기타
원준,382840,KOSDAQ,S99,기타
원텍,336570,KOSDAQ,S99,기타
원티드랩,376980,KOSDAQ,S99,기타
원풍,008370,KOSDAQ,S99,기타
원풍물산,008290,KOSDAQ,S99,기타
월덱스,101160,KOSDAQ,S99,기타
웨이버스,336060,KOSDAQ,S99,기타
웨이브일렉트로,095270,KOSDAQ,S99,기타
웨이비스,289930,KOSDAQ,S99,기타
웰크론,065950,KOSDAQ,S99,기타
웰크론한텍,076080,KOSDAQ,S99,기타
웰킵스하이텍,043590,KOSDAQ,S99,기타
웹스,196700,KOSDAQ,S99,기타
웹젠,069080,KOSDAQ,S99,기타
웹케시,053580,KOSDAQ,S99,기타
위너스일렉,479960,KOSDAQ,S99,기타
위닉스,044340,KOSDAQ,S99,기타
위드텍,348350,KOSDAQ,S99,기타
위세아이텍,065370,KOSDAQ,S99,기타
위즈코프,038620,KOSDAQ,S99,기타
위지윅스튜디오,299900,KOSDAQ,S99,기타
위지트,036090,KOSDAQ,S99,기타
위츠,459100,KOSDAQ,S99,기타
윈스테크넷,136540,KOSDAQ,S99,기타
윈팩,097800,KOSDAQ,S99,기타
윈하이텍,192390,KOSDAQ,S99,기타
윙스풋,335870,KOSDAQ,S99,기타
윙입푸드,900340,KOSDAQ,S99,기타
유니셈,036200,KOSDAQ,S99,기타
유니슨,018000,KOSDAQ,S99,기타
유니크,011320,KOSDAQ,S99,기타
유니테스트,086390,KOSDAQ,S99,기타
유니테크노,241690,KOSDAQ,S99,기타
유니트론텍,142210,KOSDAQ,S99,기타
유디엠텍,389680,KOSDAQ,S99,기타
유라클,088340,KOSDAQ,S99,기타
유라테크,048430,KOSDAQ,S99,기타
유비벨록스,089850,KOSDAQ,S99,기타
유비온,084440,KOSDAQ,S99,기타
유비쿼스,264450,KOSDAQ,S99,기타
유비쿼스홀딩스,078070,KOSDAQ,S99,기타
유성티엔에스,024800,KOSDAQ,S99,기타
유신,054930,KOSDAQ,S99,기타
유아이디,069330,KOSDAQ,S99,기타
유아이엘,049520,KOSDAQ,S99,기타
유안타제15호스팩,473050,KOSDAQ,S99,기타
유안타제16호스팩,474490,KOSDAQ,S99,기타
유안타제17호스팩,493790,KOSDAQ,S99,기타
유에스티,263770,KOSDAQ,S99,기타
유일로보틱스,388720,KOSDAQ,S99,기타
유진기업,023410,KOSDAQ,S99,기타
유진로봇,056080,KOSDAQ,S99,기타
유진스팩10호,468760,KOSDAQ,S99,기타
유진스팩11호,488060,KOSDAQ,S99,기타
유진스팩12호,0105P0,KOSDAQ,S99,기타
유진테크,084370,KOSDAQ,S99,기타
유진테크놀로지,240600,KOSDAQ,S99,기타
유티아이,179900,KOSDAQ,S99,기타
유틸렉스,263050,KOSDAQ,S99,기타
육일씨엔에쓰,191410,KOSDAQ,S99,기타
윤성에프앤씨,372170,KOSDAQ,S99,기타
율촌,146060,KOSDAQ,S99,기타
이건홀딩스,039020,KOSDAQ,S99,기타
이글루,067920,KOSDAQ,S99,기타
이글벳,044960,KOSDAQ,S99,기타
이노뎁,303530,KOSDAQ,S99,기타
이노메트리,302430,KOSDAQ,S99,기타
이노스페이스,462350,KOSDAQ,S99,기타
이노시뮬레이션,274400,KOSDAQ,S99,기타
이노에이엑스,296640,KOSDAQ,S99,기타
이노인스트루먼트,215790,KOSDAQ,S99,기타
이노진,344860,KOSDAQ,S99,기타
이노테나,333050,KOSDAQ,S99,기타
이노테크,469610,KOSDAQ,S99,기타
이녹스,088390,KOSDAQ,S99,기타
이니텍,053350,KOSDAQ,S99,기타
이닉스,452400,KOSDAQ,S99,기타
이랜시스,264850,KOSDAQ,S99,기타
이랜텍,054210,KOSDAQ,S99,기타
이렘,009730,KOSDAQ,S99,기타
이루온,065440,KOSDAQ,S99,기타
이뮨온시아,424870,KOSDAQ,S99,기타
이미지스,115610,KOSDAQ,S99,기타
이베스트스팩6호,478110,KOSDAQ,S99,기타
이삭엔지니어링,351330,KOSDAQ,S99,기타
이상네트웍스,080010,KOSDAQ,S99,기타
이수앱지스,086890,KOSDAQ,S99,기타
이스트소프트,047560,KOSDAQ,S99,기타
이스트에이드,239340,KOSDAQ,S99,기타
이씨에스,067010,KOSDAQ,S99,기타
이엔셀,456070,KOSDAQ,S99,기타
이엔에프테크놀로지,102710,KOSDAQ,S99,기타
이엘씨,041520,KOSDAQ,S99,기타
이엘피,063760,KOSDAQ,S99,기타
이엠넷,123570,KOSDAQ,S99,기타
이엠앤아이,083470,KOSDAQ,S99,기타
이엠텍,091120,KOSDAQ,S99,기타
이오플로우,294090,KOSDAQ,S99,기타
이원컴포텍,088290,KOSDAQ,S99,기타
이지스,261520,KOSDAQ,S99,기타
이지케어텍,099750,KOSDAQ,S99,기타
이지트로닉스,377330,KOSDAQ,S99,기타
이지홀딩스,035810,KOSDAQ,S99,기타
이크레더블,092130,KOSDAQ,S99,기타
이퓨쳐,134060,KOSDAQ,S99,기타
이화공영,001840,KOSDAQ,S99,기타
인바디,041830,KOSDAQ,S99,기타
인베니아,079950,KOSDAQ,S99,기타
인벤테라,0007J0,KOSDAQ,S99,기타
인벤티지랩,389470,KOSDAQ,S99,기타
인산가,277410,KOSDAQ,S99,기타
인선이엔티,060150,KOSDAQ,S99,기타
인성정보,033230,KOSDAQ,S99,기타
인스웨이브,450520,KOSDAQ,S99,기타
인스피언,465480,KOSDAQ,S99,기타
인지디스플레,037330,KOSDAQ,S99,기타
인지소프트,100030,KOSDAQ,S99,기타
인콘,083640,KOSDAQ,S99,기타
인크레더블버즈,064090,KOSDAQ,S99,기타
인크로스,216050,KOSDAQ,S99,기타
인탑스,049070,KOSDAQ,S99,기타
인터로조,119610,KOSDAQ,S99,기타
인터엠,017250,KOSDAQ,S99,기타
인터플렉스,051370,KOSDAQ,S99,기타
인텍플러스,064290,KOSDAQ,S99,기타
인텔리안테크,189300,KOSDAQ,S99,기타
인투셀,287840,KOSDAQ,S99,기타
인티큐브,070590,KOSDAQ,S99,기타
인포바인,115310,KOSDAQ,S99,기타
인포뱅크,039290,KOSDAQ,S99,기타
인화정공,101930,KOSDAQ,S99,기타
일승,333430,KOSDAQ,S99,기타
일월지엠엘,178780,KOSDAQ,S99,기타
일지테크,019540,KOSDAQ,S99,기타
일진파워,094820,KOSDAQ,S99,기타
잉글우드랩,950140,KOSDAQ,S99,기타
잉크테크,049550,KOSDAQ,S99,기타
자람테크놀로지,389020,KOSDAQ,S99,기타
자비스,254120,KOSDAQ,S99,기타
자연과환경,043910,KOSDAQ,S99,기타
자이글,234920,KOSDAQ,S99,기타
자이언트스텝,289220,KOSDAQ,S99,기타
재영솔루텍,049630,KOSDAQ,S99,기타
저스템,417840,KOSDAQ,S99,기타
정다운,208140,KOSDAQ,S99,기타
정상제이엘에스,040420,KOSDAQ,S99,기타
정원엔시스,045510,KOSDAQ,S99,기타
제너셈,217190,KOSDAQ,S99,기타
제넥신,095700,KOSDAQ,S99,기타
제노레이,122310,KOSDAQ,S99,기타
제노코,361390,KOSDAQ,S99,기타
제놀루션,225220,KOSDAQ,S99,기타
제닉,123330,KOSDAQ,S99,기타
제닉스로보틱스,381620,KOSDAQ,S99,기타
제로투세븐,159580,KOSDAQ,S99,기타
제룡산업,147830,KOSDAQ,S99,기타
제룡전기,033100,KOSDAQ,S99,기타
제우스,079370,KOSDAQ,S99,기타
제이브이엠,054950,KOSDAQ,S99,기타
제이스로보틱스,090470,KOSDAQ,S99,기타
제이스코홀딩스,023440,KOSDAQ,S99,기타
제이씨케미칼,137950,KOSDAQ,S99,기타
제이씨현시스템,033320,KOSDAQ,S99,기타
제이아이테크,417500,KOSDAQ,S99,기타
제이앤티씨,204270,KOSDAQ,S99,기타
제이에스링크,127120,KOSDAQ,S99,기타
제이에스티나,026040,KOSDAQ,S99,기타
제이엔비,452160,KOSDAQ,S99,기타
제이엔케이글로벌,126880,KOSDAQ,S99,기타
제이엘케이,322510,KOSDAQ,S99,기타
제이엠아이,033050,KOSDAQ,S99,기타
제이엠티,094970,KOSDAQ,S99,기타
제이오,418550,KOSDAQ,S99,기타
제이케이시냅스,060230,KOSDAQ,S99,기타
제이티,089790,KOSDAQ,S99,기타
제일엠앤에스,412540,KOSDAQ,S99,기타
제일일렉트릭,199820,KOSDAQ,S99,기타
제일테크노스,038010,KOSDAQ,S99,기타
제테마,216080,KOSDAQ,S99,기타
젝시믹스,337930,KOSDAQ,S99,기타
젠큐릭스,229000,KOSDAQ,S99,기타
젬백스,082270,KOSDAQ,S99,기타
져스텍,153890,KOSDAQ,S99,기타
조이시티,067000,KOSDAQ,S99,기타
조이웍스앤코,309930,KOSDAQ,S99,기타
졸스,018700,KOSDAQ,S99,기타
좋은사람들,033340,KOSDAQ,S99,기타
주성엔지니어링,036930,KOSDAQ,S99,기타
중앙백신,072020,KOSDAQ,S99,기타
중앙에너비스,000440,KOSDAQ,S99,기타
지구홀딩스,221800,KOSDAQ,S99,기타
지노믹트리,228760,KOSDAQ,S99,기타
지놈앤컴퍼니,314130,KOSDAQ,S99,기타
지니너스,389030,KOSDAQ,S99,기타
지니언스,263860,KOSDAQ,S99,기타
지니틱스,303030,KOSDAQ,S99,기타
지란지교시큐리티,208350,KOSDAQ,S99,기타
지슨,446840,KOSDAQ,S99,기타
지씨셀,144510,KOSDAQ,S99,기타
지씨지놈,340450,KOSDAQ,S99,기타
지아이에스,306620,KOSDAQ,S99,기타
지아이이노베이션,358570,KOSDAQ,S99,기타
지아이텍,382480,KOSDAQ,S99,기타
지앤비에스 에코,382800,KOSDAQ,S99,기타
지어소프트,051160,KOSDAQ,S99,기타
지에스이,053050,KOSDAQ,S99,기타
지에프씨생명과학,388610,KOSDAQ,S99,기타
지에프아이,493330,KOSDAQ,S99,기타
지엔씨에너지,119850,KOSDAQ,S99,기타
지엔코,065060,KOSDAQ,S99,기타
지엘팜텍,204840,KOSDAQ,S99,기타
지오엘리먼트,311320,KOSDAQ,S99,기타
지투파워,388050,KOSDAQ,S99,기타
진로발효,018120,KOSDAQ,S99,기타
진매트릭스,109820,KOSDAQ,S99,기타
진성티이씨,036890,KOSDAQ,S99,기타
진시스템,363250,KOSDAQ,S99,기타
진영,285800,KOSDAQ,S99,기타
차이커뮤니케이션,351870,KOSDAQ,S99,기타
참좋은여행,094850,KOSDAQ,S99,기타
창해에탄올,004650,KOSDAQ,S99,기타
채비,0011T0,KOSDAQ,S99,기타
천보,278280,KOSDAQ,S99,기타
청담글로벌,362320,KOSDAQ,S99,기타
청보,013720,KOSDAQ,S99,기타
체리부로,066360,KOSDAQ,S99,기타
초록뱀미디어,047820,KOSDAQ,S99,기타
칩스앤미디어,094360,KOSDAQ,S99,기타
카나프테라퓨틱스,0082N0,KOSDAQ,S99,기타
카스,016920,KOSDAQ,S99,기타
카이노스메드,284620,KOSDAQ,S99,기타
카티스,140430,KOSDAQ,S99,기타
카페24,042000,KOSDAQ,S99,기타
캐리,313760,KOSDAQ,S99,기타
캐스텍코리아,071850,KOSDAQ,S99,기타
캐프,198080,KOSDAQ,S99,기타
캔버스엔,210120,KOSDAQ,S99,기타
캠시스,050110,KOSDAQ,S99,기타
캡스톤파트너스,452300,KOSDAQ,S99,기타
컨텍,451760,KOSDAQ,S99,기타
컬러레이,900310,KOSDAQ,S99,기타
컴퍼니케이,307930,KOSDAQ,S99,기타
케스피온,079190,KOSDAQ,S99,기타
케어랩스,263700,KOSDAQ,S99,기타
케어젠,214370,KOSDAQ,S99,기타
케이디켐,221980,KOSDAQ,S99,기타
케이사인,192250,KOSDAQ,S99,기타
케이쓰리아이,431190,KOSDAQ,S99,기타
케이씨에스,115500,KOSDAQ,S99,기타
케이씨티,089150,KOSDAQ,S99,기타
케이씨피드,025880,KOSDAQ,S99,기타
케이아이엔엑스,093320,KOSDAQ,S99,기타
케이알엠,093640,KOSDAQ,S99,기타
케이에스피,073010,KOSDAQ,S99,기타
케이엔더블유,105330,KOSDAQ,S99,기타
케이엔솔,053080,KOSDAQ,S99,기타
케이엔알시스템,199430,KOSDAQ,S99,기타
케이엔에스,432470,KOSDAQ,S99,기타
케이엔제이,272110,KOSDAQ,S99,기타
케이엘넷,039420,KOSDAQ,S99,기타
케이엠,083550,KOSDAQ,S99,기타
케이엠더블유,032500,KOSDAQ,S99,기타
케이옥션,102370,KOSDAQ,S99,기타
케이웨더,068100,KOSDAQ,S99,기타
케이이엠텍,106080,KOSDAQ,S99,기타
케이지에이,455180,KOSDAQ,S99,기타
케이티알파,036030,KOSDAQ,S99,기타
케이프,064820,KOSDAQ,S99,기타
케이피에프,024880,KOSDAQ,S99,기타
케이피엠테크,042040,KOSDAQ,S99,기타
케이피티유,054410,KOSDAQ,S99,기타
케이피항공산업,288180,KOSDAQ,S99,기타
케일럼,258610,KOSDAQ,S99,기타
켄코아에어로스페이스,274090,KOSDAQ,S99,기타
켐트로닉스,089010,KOSDAQ,S99,기타
켐트로스,220260,KOSDAQ,S99,기타
코나아이,052400,KOSDAQ,S99,기타
코난테크놀로지,402030,KOSDAQ,S99,기타
코다코,046070,KOSDAQ,S99,기타
코데즈컴바인,047770,KOSDAQ,S99,기타
코디,080530,KOSDAQ,S99,기타
코렌텍,104540,KOSDAQ,S99,기타
코리아나,027050,KOSDAQ,S99,기타
코리아에프티,123410,KOSDAQ,S99,기타
코맥스,036690,KOSDAQ,S99,기타
코메론,049430,KOSDAQ,S99,기타
코미코,183300,KOSDAQ,S99,기타
코미팜,041960,KOSDAQ,S99,기타
코세스,089890,KOSDAQ,S99,기타
코셈,360350,KOSDAQ,S99,기타
코스나인,082660,KOSDAQ,S99,기타
코스리거글로벌,043710,KOSDAQ,S99,기타
코스맥스엔비티,222040,KOSDAQ,S99,기타
코스메카코리아,241710,KOSDAQ,S99,기타
코스모로보틱스,439960,KOSDAQ,S99,기타
코스텍시스,355150,KOSDAQ,S99,기타
코아스템켐온,166480,KOSDAQ,S99,기타
코아시아,045970,KOSDAQ,S99,기타
코아시아씨엠,196450,KOSDAQ,S99,기타
코어라인소프트,384470,KOSDAQ,S99,기타
코오롱생명과학,102940,KOSDAQ,S99,기타
코오롱티슈진,950160,KOSDAQ,S99,기타
코위버,056360,KOSDAQ,S99,기타
코윈테크,282880,KOSDAQ,S99,기타
코이즈,121850,KOSDAQ,S99,기타
코츠테크놀로지,448710,KOSDAQ,S99,기타
코칩,126730,KOSDAQ,S99,기타
코콤,015710,KOSDAQ,S99,기타
코텍,052330,KOSDAQ,S99,기타
코퍼스코리아,322780,KOSDAQ,S99,기타
콜마비앤에이치,200130,KOSDAQ,S99,기타
쿠콘,294570,KOSDAQ,S99,기타
쿼드메디슨,464490,KOSDAQ,S99,기타
퀀타매트릭스,317690,KOSDAQ,S99,기타
큐라클,365270,KOSDAQ,S99,기타
큐라티스,348080,KOSDAQ,S99,기타
큐렉소,060280,KOSDAQ,S99,기타
큐로셀,372320,KOSDAQ,S99,기타
큐로홀딩스,051780,KOSDAQ,S99,기타
큐리언트,115180,KOSDAQ,S99,기타
큐리오시스,494120,KOSDAQ,S99,기타
큐브엔터,182360,KOSDAQ,S99,기타
큐알티,405100,KOSDAQ,S99,기타
큐에스아이,066310,KOSDAQ,S99,기타
큐에이드,377460,KOSDAQ,S99,기타
큐캐피탈,016600,KOSDAQ,S99,기타
크라우드웍스,355390,KOSDAQ,S99,기타
크레버스,096240,KOSDAQ,S99,기타
크레오에스지,040350,KOSDAQ,S99,기타
크리스에프앤씨,110790,KOSDAQ,S99,기타
크린앤사이언스,045520,KOSDAQ,S99,기타
클로봇,466100,KOSDAQ,S99,기타
클리오,237880,KOSDAQ,S99,기타
키네마스터,139670,KOSDAQ,S99,기타
키스트론,475430,KOSDAQ,S99,기타
키움제10호스팩,487720,KOSDAQ,S99,기타
키움제11호스팩,489480,KOSDAQ,S99,기타
키움히어로제1호스팩,466690,KOSDAQ,S99,기타
키움히어로제2호스팩,0131D0,KOSDAQ,S99,기타
키이스트,054780,KOSDAQ,S99,기타
킵스파마,256940,KOSDAQ,S99,기타
타이거일렉,219130,KOSDAQ,S99,기타
탑런토탈솔루션,336680,KOSDAQ,S99,기타
탑머티리얼,360070,KOSDAQ,S99,기타
탑엔지니어링,065130,KOSDAQ,S99,기타
탑코미디어,134580,KOSDAQ,S99,기타
태광,023160,KOSDAQ,S99,기타
태성,323280,KOSDAQ,S99,기타
태양,053620,KOSDAQ,S99,기타
태웅,044490,KOSDAQ,S99,기타
태웅로직스,124560,KOSDAQ,S99,기타
테고사이언스,191420,KOSDAQ,S99,기타
테라뷰,950250,KOSDAQ,S99,기타
테라사이언스,073640,KOSDAQ,S99,기타
테라젠이텍스,066700,KOSDAQ,S99,기타
테스,095610,KOSDAQ,S99,기타
테크엘,064520,KOSDAQ,S99,기타
테크윙,089030,KOSDAQ,S99,기타
텔레칩스,054450,KOSDAQ,S99,기타
토마토시스템,393210,KOSDAQ,S99,기타
토모큐브,475960,KOSDAQ,S99,기타
토박스코리아,215480,KOSDAQ,S99,기타
토비스,051360,KOSDAQ,S99,기타
토탈소프트,045340,KOSDAQ,S99,기타
톱텍,108230,KOSDAQ,S99,기타
투비소프트,079970,KOSDAQ,S99,기타
툴젠,199800,KOSDAQ,S99,기타
트루엔,417790,KOSDAQ,S99,기타
트윔,290090,KOSDAQ,S99,기타
티디에스팜,464280,KOSDAQ,S99,기타
티로보틱스,117730,KOSDAQ,S99,기타
티비씨,033830,KOSDAQ,S99,기타
티사이언티픽,057680,KOSDAQ,S99,기타
티쓰리,204610,KOSDAQ,S99,기타
티씨머티리얼즈,125020,KOSDAQ,S99,기타
티씨케이,064760,KOSDAQ,S99,기타
티앤엘,340570,KOSDAQ,S99,기타
티에스넥스젠,043220,KOSDAQ,S99,기타
티에스아이,277880,KOSDAQ,S99,기타
티에스이,131290,KOSDAQ,S99,기타
티에프이,425420,KOSDAQ,S99,기타
티엑스알로보틱스,484810,KOSDAQ,S99,기타
티엔엔터테인먼트,131100,KOSDAQ,S99,기타
티엘비,356860,KOSDAQ,S99,기타
티이엠씨,425040,KOSDAQ,S99,기타
티이엠씨씨엔에스,241790,KOSDAQ,S99,기타
티케이지애강,022220,KOSDAQ,S99,기타
티케이케미칼,104480,KOSDAQ,S99,기타
티플랙스,081150,KOSDAQ,S99,기타
티피씨글로벌,130740,KOSDAQ,S99,기타
팅크웨어,084730,KOSDAQ,S99,기타
파두,440110,KOSDAQ,S99,기타
파라택시스이더리움,290560,KOSDAQ,S99,기타
파라택시스코리아,288330,KOSDAQ,S99,기타
파라텍,033540,KOSDAQ,S99,기타
파루,043200,KOSDAQ,S99,기타
파버나인,177830,KOSDAQ,S99,기타
파세코,037070,KOSDAQ,S99,기타
파수AI,150900,KOSDAQ,S99,기타
파워넷,037030,KOSDAQ,S99,기타
파워로직스,047310,KOSDAQ,S99,기타
파이버프로,368770,KOSDAQ,S99,기타
파이오링크,170790,KOSDAQ,S99,기타
파이온엑스,900100,KOSDAQ,S99,기타
파인디앤씨,049120,KOSDAQ,S99,기타
파인디지털,038950,KOSDAQ,S99,기타
파인메딕스,387570,KOSDAQ,S99,기타
파인엠텍,441270,KOSDAQ,S99,기타
파인테크닉스,106240,KOSDAQ,S99,기타
파인텍,131760,KOSDAQ,S99,기타
파커스,065690,KOSDAQ,S99,기타
파크시스템스,140860,KOSDAQ,S99,기타
파트론,091700,KOSDAQ,S99,기타
판타지오,032800,KOSDAQ,S99,기타
팜스빌,318010,KOSDAQ,S99,기타
팜스토리,027710,KOSDAQ,S99,기타
팬스타엔터프라이즈,054300,KOSDAQ,S99,기타
팬엔터테인먼트,068050,KOSDAQ,S99,기타
팬젠,222110,KOSDAQ,S99,기타
팸텍,271830,KOSDAQ,S99,기타
펌텍코리아,251970,KOSDAQ,S99,기타
페스카로,0015S0,KOSDAQ,S99,기타
펨트론,168360,KOSDAQ,S99,기타
펩트론,087010,KOSDAQ,S99,기타
포니링크,064800,KOSDAQ,S99,기타
포메탈,119500,KOSDAQ,S99,기타
포바이포,389140,KOSDAQ,S99,기타
포스뱅크,105760,KOSDAQ,S99,기타
포스코엠텍,009520,KOSDAQ,S99,기타
포시에스,189690,KOSDAQ,S99,기타
포인트모바일,318020,KOSDAQ,S99,기타
포인트엔지니어링,256630,KOSDAQ,S99,기타
포커스에이아이,331380,KOSDAQ,S99,기타
포톤,208710,KOSDAQ,S99,기타
폰드그룹,472850,KOSDAQ,S99,기타
폴라리스AI,039980,KOSDAQ,S99,기타
폴라리스AI파마,041910,KOSDAQ,S99,기타
폴라리스세원,234100,KOSDAQ,S99,기타
폴라리스오피스,041020,KOSDAQ,S99,기타
폴라리스우노,114630,KOSDAQ,S99,기타
폴레드,487580,KOSDAQ,S99,기타
푸드나무,290720,KOSDAQ,S99,기타
푸드웰,005670,KOSDAQ,S99,기타
푸른로보틱스,094940,KOSDAQ,S99,기타
풍강,093380,KOSDAQ,S99,기타
풍국주정,023900,KOSDAQ,S99,기타
풍원정밀,371950,KOSDAQ,S99,기타
풍전약품,298060,KOSDAQ,S99,기타
퓨런티어,370090,KOSDAQ,S99,기타
퓨릿,445180,KOSDAQ,S99,기타
퓨쳐켐,220100,KOSDAQ,S99,기타
프럼파스트,035200,KOSDAQ,S99,기타
프로이천,321260,KOSDAQ,S99,기타
프로텍,053610,KOSDAQ,S99,기타
프로티나,468530,KOSDAQ,S99,기타
프로티아,303360,KOSDAQ,S99,기타
프리엠스,053160,KOSDAQ,S99,기타
플라즈맵,405000,KOSDAQ,S99,기타
플래스크,041590,KOSDAQ,S99,기타
플래티어,367000,KOSDAQ,S99,기타
플랜티넷,075130,KOSDAQ,S99,기타
플레이디,237820,KOSDAQ,S99,기타
플레이위드,023770,KOSDAQ,S99,기타
플루토스,019570,KOSDAQ,S99,기타
플리토,300080,KOSDAQ,S99,기타
피노,033790,KOSDAQ,S99,기타
피델릭스,032580,KOSDAQ,S99,기타
피스피스스튜디오,0117P0,KOSDAQ,S99,기타
피씨디렉트,051380,KOSDAQ,S99,기타
피씨엘,241820,KOSDAQ,S99,기타
피아이이,452450,KOSDAQ,S99,기타
피앤씨테크,237750,KOSDAQ,S99,기타
피앤에스로보틱스,460940,KOSDAQ,S99,기타
피에스케이,319660,KOSDAQ,S99,기타
피에스케이홀딩스,031980,KOSDAQ,S99,기타
피에스텍,002230,KOSDAQ,S99,기타
피에이치에이,043370,KOSDAQ,S99,기타
피엔에이치테크,239890,KOSDAQ,S99,기타
피엔케이피부임상연구센타,347740,KOSDAQ,S99,기타
피엔티,137400,KOSDAQ,S99,기타
피엔티엠에스,257370,KOSDAQ,S99,기타
피엠티,147760,KOSDAQ,S99,기타
피제이메탈,128660,KOSDAQ,S99,기타
피제이전자,006140,KOSDAQ,S99,기타
피코그램,376180,KOSDAQ,S99,기타
픽셀플러스,087600,KOSDAQ,S99,기타
핀텔,291810,KOSDAQ,S99,기타
필에너지,378340,KOSDAQ,S99,기타
필옵틱스,161580,KOSDAQ,S99,기타
핌스,347770,KOSDAQ,S99,기타
핑거,163730,KOSDAQ,S99,기타
핑거스토리,417180,KOSDAQ,S99,기타
하나30호스팩,469880,KOSDAQ,S99,기타
하나31호스팩,469900,KOSDAQ,S99,기타
하나32호스팩,475240,KOSDAQ,S99,기타
하나33호스팩,475250,KOSDAQ,S99,기타
하나34호스팩,484130,KOSDAQ,S99,기타
하나35호스팩,0041L0,KOSDAQ,S99,기타
하나36호스팩,0101C0,KOSDAQ,S99,기타
하나기술,299030,KOSDAQ,S99,기타
하나마이크론,067310,KOSDAQ,S99,기타
하나머티리얼즈,166090,KOSDAQ,S99,기타
하림,136480,KOSDAQ,S99,기타
하림지주,003380,KOSDAQ,S99,기타
하스,450330,KOSDAQ,S99,기타
하이드로리튬,101670,KOSDAQ,S99,기타
하이딥,365590,KOSDAQ,S99,기타
하이로닉,149980,KOSDAQ,S99,기타
하이록코리아,013030,KOSDAQ,S99,기타
하이비젼시스템,126700,KOSDAQ,S99,기타
하이젠알앤엠,160190,KOSDAQ,S99,기타
하이즈항공,221840,KOSDAQ,S99,기타
하이텍팜,106190,KOSDAQ,S99,기타
하이퍼코퍼레이션,065650,KOSDAQ,S99,기타
하츠,066130,KOSDAQ,S99,기타
한국가구,004590,KOSDAQ,S99,기타
한국경제TV,039340,KOSDAQ,S99,기타
한국기업평가,034950,KOSDAQ,S99,기타
한국맥널티,222980,KOSDAQ,S99,기타
한국비엔씨,256840,KOSDAQ,S99,기타
한국비티비,219750,KOSDAQ,S99,기타
한국선재,025550,KOSDAQ,S99,기타
한국알콜,017890,KOSDAQ,S99,기타
한국전자인증,041460,KOSDAQ,S99,기타
한국정밀기계,101680,KOSDAQ,S99,기타
한국정보공학,039740,KOSDAQ,S99,기타
한국정보인증,053300,KOSDAQ,S99,기타
한국제15호스팩,479880,KOSDAQ,S99,기타
한국제16호스팩,0164H0,KOSDAQ,S99,기타
한국캐피탈,023760,KOSDAQ,S99,기타
한국컴퓨터,054040,KOSDAQ,S99,기타
한국큐빅,021650,KOSDAQ,S99,기타
한국파마,032300,KOSDAQ,S99,기타
한국팩키지,037230,KOSDAQ,S99,기타
한국피아이엠,448900,KOSDAQ,S99,기타
한글과컴퓨터,030520,KOSDAQ,S99,기타
한네트,052600,KOSDAQ,S99,기타
한독크린텍,256150,KOSDAQ,S99,기타
한라IMS,092460,KOSDAQ,S99,기타
한라캐스트,125490,KOSDAQ,S99,기타
한빛레이저,452190,KOSDAQ,S99,기타
한빛소프트,047080,KOSDAQ,S99,기타
한선엔지니어링,452280,KOSDAQ,S99,기타
한성크린텍,066980,KOSDAQ,S99,기타
한솔아이원스,114810,KOSDAQ,S99,기타
한싹,430690,KOSDAQ,S99,기타
한양디지텍,078350,KOSDAQ,S99,기타
한양이엔지,045100,KOSDAQ,S99,기타
한울앤제주,276730,KOSDAQ,S99,기타
한일단조,024740,KOSDAQ,S99,기타
한일사료,005860,KOSDAQ,S99,기타
한주라이트메탈,198940,KOSDAQ,S99,기타
한주에이알티,058450,KOSDAQ,S99,기타
한중엔시에스,107640,KOSDAQ,S99,기타
한창산업,079170,KOSDAQ,S99,기타
한컴위드,054920,KOSDAQ,S99,기타
한켐,457370,KOSDAQ,S99,기타
한탑,002680,KOSDAQ,S99,기타
한텍,098070,KOSDAQ,S99,기타
한패스,408470,KOSDAQ,S99,기타
한화플러스제5호스팩,498390,KOSDAQ,S99,기타
해성산업,034810,KOSDAQ,S99,기타
해성산업1우,03481K,KOSDAQ,S99,기타
해성에어로보틱스,059270,KOSDAQ,S99,기타
해성옵틱스,076610,KOSDAQ,S99,기타
핸디소프트,220180,KOSDAQ,S99,기타
헝셩그룹,900270,KOSDAQ,S99,기타
헥토이노베이션,214180,KOSDAQ,S99,기타
헥토파이낸셜,234340,KOSDAQ,S99,기타
헬릭스미스,084990,KOSDAQ,S99,기타
현대공업,170030,KOSDAQ,S99,기타
현대무벡스,319400,KOSDAQ,S99,기타
현대사료,016790,KOSDAQ,S99,기타
현대에버다임,041440,KOSDAQ,S99,기타
현대에이치티,039010,KOSDAQ,S99,기타
현대이지웰,090850,KOSDAQ,S99,기타
현대힘스,460930,KOSDAQ,S99,기타
현우산업,092300,KOSDAQ,S99,기타
형지I&C,011080,KOSDAQ,S99,기타
형지글로벌,308100,KOSDAQ,S99,기타
홈캐스트,064240,KOSDAQ,S99,기타
화성밸브,039610,KOSDAQ,S99,기타
화신정공,126640,KOSDAQ,S99,기타
화인써키트,127980,KOSDAQ,S99,기타
화일약품,061250,KOSDAQ,S99,기타
효성오앤비,097870,KOSDAQ,S99,기타
휴네시온,290270,KOSDAQ,S99,기타
휴럼,353190,KOSDAQ,S99,기타
휴림로봇,090710,KOSDAQ,S99,기타
휴림에이텍,078590,KOSDAQ,S99,기타
휴마시스,205470,KOSDAQ,S99,기타
휴맥스,115160,KOSDAQ,S99,기타
휴맥스홀딩스,028080,KOSDAQ,S99,기타
휴먼테크놀로지,175140,KOSDAQ,S99,기타
휴메딕스,200670,KOSDAQ,S99,기타
휴비츠,065510,KOSDAQ,S99,기타
휴엠앤씨,263920,KOSDAQ,S99,기타
휴온스,243070,KOSDAQ,S99,기타
휴온스글로벌,084110,KOSDAQ,S99,기타
휴젤,145020,KOSDAQ,S99,기타
흥구석유,024060,KOSDAQ,S99,기타
흥국,010240,KOSDAQ,S99,기타
흥국에프엔비,189980,KOSDAQ,S99,기타
희림,037440,KOSDAQ,S99,기타
힘스,238490,KOSDAQ,S99,기타
AJ네트웍스,095570,KOSPI,S99,기타
AK홀딩스,006840,KOSPI,S99,기타
BGF,027410,KOSPI,S99,기타
BGF리테일,282330,KOSPI,S99,기타
BYC,001460,KOSPI,S99,기타
BYC우,001465,KOSPI,S99,기타
CJ,001040,KOSPI,S99,기타
CJ CGV,079160,KOSPI,S99,기타
CJ4우(전환),00104K,KOSPI,S99,기타
CJ대한통운,000120,KOSPI,S99,기타
CJ씨푸드,011150,KOSPI,S99,기타
CJ씨푸드1우,011155,KOSPI,S99,기타
CJ우,001045,KOSPI,S99,기타
CR홀딩스,000480,KOSPI,S99,기타
CS홀딩스,000590,KOSPI,S99,기타
DB,012030,KOSPI,S99,기타
DB하이텍,000990,KOSPI,S99,기타
DI동일,001530,KOSPI,S99,기타
DKME,015590,KOSPI,S99,기타
DL,000210,KOSPI,S99,기타
DL우,000215,KOSPI,S99,기타
DRB동일,004840,KOSPI,S99,기타
DSR,155660,KOSPI,S99,기타
DSR제강,069730,KOSPI,S99,기타
DS단석,017860,KOSPI,S99,기타
DYP,092780,KOSPI,S99,기타
E1,017940,KOSPI,S99,기타
ESR켄달스퀘어리츠,365550,KOSPI,S99,기타
F&F,383220,KOSPI,S99,기타
F&F홀딩스,007700,KOSPI,S99,기타
GKL,114090,KOSPI,S99,기타
GS,078930,KOSPI,S99,기타
GS글로벌,001250,KOSPI,S99,기타
GS리테일,007070,KOSPI,S99,기타
GS우,078935,KOSPI,S99,기타
GS피앤엘,499790,KOSPI,S99,기타
HDC,012630,KOSPI,S99,기타
HDC랩스,039570,KOSPI,S99,기타
HDC현대EP,089470,KOSPI,S99,기타
HD현대,267250,KOSPI,S99,기타
HD현대마린솔루션,443060,KOSPI,S99,기타
HD현대마린엔진,071970,KOSPI,S99,기타
HD현대일렉트릭,267260,KOSPI,S99,기타
HL D&I,014790,KOSPI,S99,기타
HLB글로벌,003580,KOSPI,S99,기타
HL홀딩스,060980,KOSPI,S99,기타
HMM,011200,KOSPI,S99,기타
HS애드,035000,KOSPI,S99,기타
HS화성,002460,KOSPI,S99,기타
HS효성,487570,KOSPI,S99,기타
INVENI,015360,KOSPI,S99,기타
JW생명과학,234080,KOSPI,S99,기타
JW홀딩스,096760,KOSPI,S99,기타
KBI동양철관,008970,KOSPI,S99,기타
KB발해인프라,415640,KOSPI,S99,기타
KB스타리츠,432320,KOSPI,S99,기타
KCC,002380,KOSPI,S99,기타
KCC글라스,344820,KOSPI,S99,기타
KCTC,009070,KOSPI,S99,기타
KC그린홀딩스,009440,KOSPI,S99,기타
KC코트렐,119650,KOSPI,S99,기타
KEC,092220,KOSPI,S99,기타
KG모빌리티,003620,KOSPI,S99,기타
KG스틸,016380,KOSPI,S99,기타
KG케미칼,001390,KOSPI,S99,기타
KISCO홀딩스,001940,KOSPI,S99,기타
KPX케미칼,025000,KOSPI,S99,기타
KPX홀딩스,092230,KOSPI,S99,기타
KR모터스,000040,KOSPI,S99,기타
KSS해운,044450,KOSPI,S99,기타
KTcs,058850,KOSPI,S99,기타
KTis,058860,KOSPI,S99,기타
LF,093050,KOSPI,S99,기타
LG,003550,KOSPI,S99,기타
LG디스플레이,034220,KOSPI,S99,기타
LG생활건강,051900,KOSPI,S99,기타
LG생활건강우,051905,KOSPI,S99,기타
LG씨엔에스,064400,KOSPI,S99,기타
LG우,003555,KOSPI,S99,기타
LG이노텍,011070,KOSPI,S99,기타
LG전자,066570,KOSPI,S99,기타
LG전자우,066575,KOSPI,S99,기타
LG헬로비전,037560,KOSPI,S99,기타
LIG디펜스앤에어로스페이스,079550,KOSPI,S99,기타
LS,006260,KOSPI,S99,기타
LS ELECTRIC,010120,KOSPI,S99,기타
LS네트웍스,000680,KOSPI,S99,기타
LS에코에너지,229640,KOSPI,S99,기타
LX세미콘,108320,KOSPI,S99,기타
LX인터내셔널,001120,KOSPI,S99,기타
LX하우시스,108670,KOSPI,S99,기타
LX하우시스우,108675,KOSPI,S99,기타
LX홀딩스,383800,KOSPI,S99,기타
LX홀딩스1우,38380K,KOSPI,S99,기타
MH에탄올,023150,KOSPI,S99,기타
NAVER,035420,KOSPI,S99,기타
NC,036570,KOSPI,S99,기타
NHN,181710,KOSPI,S99,기타
NH올원리츠,400760,KOSPI,S99,기타
NH프라임리츠,338100,KOSPI,S99,기타
NICE,034310,KOSPI,S99,기타
NICE평가정보,030190,KOSPI,S99,기타
NI스틸,008260,KOSPI,S99,기타
NPC,004250,KOSPI,S99,기타
NPC우,004255,KOSPI,S99,기타
OCI,456040,KOSPI,S99,기타
OCI홀딩스,010060,KOSPI,S99,기타
PKC,001340,KOSPI,S99,기타
SBS,034120,KOSPI,S99,기타
SB성보,003080,KOSPI,S99,기타
SGC에너지,005090,KOSPI,S99,기타
SG글로벌,001380,KOSPI,S99,기타
SG세계물산,004060,KOSPI,S99,기타
SHD,001770,KOSPI,S99,기타
SIMPAC,009160,KOSPI,S99,기타
SJG세종,033530,KOSPI,S99,기타
SJM,123700,KOSPI,S99,기타
SJM홀딩스,025530,KOSPI,S99,기타
SK,034730,KOSPI,S99,기타
SKC,011790,KOSPI,S99,기타
SK네트웍스,001740,KOSPI,S99,기타
SK디스커버리,006120,KOSPI,S99,기타
SK디스커버리우,006125,KOSPI,S99,기타
SK디앤디,210980,KOSPI,S99,기타
SK리츠,395400,KOSPI,S99,기타
SK스퀘어,402340,KOSPI,S99,기타
SK아이이테크놀로지,361610,KOSPI,S99,기타
SK오션플랜트,100090,KOSPI,S99,기타
SK우,03473K,KOSPI,S99,기타
SK이터닉스,475150,KOSPI,S99,기타
SK케미칼,285130,KOSPI,S99,기타
SK케미칼우,28513K,KOSPI,S99,기타
SNT다이내믹스,003570,KOSPI,S99,기타
SNT모티브,064960,KOSPI,S99,기타
SNT에너지,100840,KOSPI,S99,기타
SNT홀딩스,036530,KOSPI,S99,기타
SP삼화,000390,KOSPI,S99,기타
STX,011810,KOSPI,S99,기타
STX그린로지스,465770,KOSPI,S99,기타
STX엔진,077970,KOSPI,S99,기타
SUN&L,002820,KOSPI,S99,기타
SYTS,002170,KOSPI,S99,기타
TBH글로벌,084870,KOSPI,S99,기타
TCC스틸,002710,KOSPI,S99,기타
TKG휴켐스,069260,KOSPI,S99,기타
TP,007980,KOSPI,S99,기타
TYM,002900,KOSPI,S99,기타
WISCOM,024070,KOSPI,S99,기타
YG PLUS,037270,KOSPI,S99,기타
가온전선,000500,KOSPI,S99,기타
강남제비스코,000860,KOSPI,S99,기타
강원랜드,035250,KOSPI,S99,기타
갤럭시아에스엠,011420,KOSPI,S99,기타
경농,002100,KOSPI,S99,기타
경동나비엔,009450,KOSPI,S99,기타
경동인베스트,012320,KOSPI,S99,기타
경방,000050,KOSPI,S99,기타
경인양행,012610,KOSPI,S99,기타
경인전자,009140,KOSPI,S99,기타
계양전기,012200,KOSPI,S99,기타
계양전기우,012205,KOSPI,S99,기타
고려산업,002140,KOSPI,S99,기타
고려제강,002240,KOSPI,S99,기타
광명전기,017040,KOSPI,S99,기타
광전자,017900,KOSPI,S99,기타
광주신세계,037710,KOSPI,S99,기타
교촌에프앤비,339770,KOSPI,S99,기타
그린케미칼,083420,KOSPI,S99,기타
극동유화,014530,KOSPI,S99,기타
금강공업,014280,KOSPI,S99,기타
금강공업우,014285,KOSPI,S99,기타
금비,008870,KOSPI,S99,기타
금양,001570,KOSPI,S99,기타
금호에이치티,214330,KOSPI,S99,기타
금호전기,001210,KOSPI,S99,기타
금호타이어,073240,KOSPI,S99,기타
기신정기,092440,KOSPI,S99,기타
까뮤이앤씨,013700,KOSPI,S99,기타
깨끗한나라,004540,KOSPI,S99,기타
깨끗한나라우,004545,KOSPI,S99,기타
남광토건,001260,KOSPI,S99,기타
남선알미늄,008350,KOSPI,S99,기타
남선알미우,008355,KOSPI,S99,기타
남성,004270,KOSPI,S99,기타
남양유업,003920,KOSPI,S99,기타
남양유업우,003925,KOSPI,S99,기타
넥센,005720,KOSPI,S99,기타
넥센우,005725,KOSPI,S99,기타
넥센타이어,002350,KOSPI,S99,기타
넥센타이어1우B,002355,KOSPI,S99,기타
넥스틸,092790,KOSPI,S99,기타
넷마블,251270,KOSPI,S99,기타
노루페인트,090350,KOSPI,S99,기타
노루페인트우,090355,KOSPI,S99,기타
노루홀딩스,000320,KOSPI,S99,기타
노루홀딩스우,000325,KOSPI,S99,기타
녹십자,006280,KOSPI,S99,기타
녹십자홀딩스,005250,KOSPI,S99,기타
녹십자홀딩스2우,005257,KOSPI,S99,기타
다스코,058730,KOSPI,S99,기타
다우기술,023590,KOSPI,S99,기타
다이나믹디자인,145210,KOSPI,S99,기타
달바글로벌,483650,KOSPI,S99,기타
대교,019680,KOSPI,S99,기타
대교우B,019685,KOSPI,S99,기타
대구백화점,006370,KOSPI,S99,기타
대덕,008060,KOSPI,S99,기타
대덕1우,00806K,KOSPI,S99,기타
대덕전자,353200,KOSPI,S99,기타
대덕전자1우,35320K,KOSPI,S99,기타
대동,000490,KOSPI,S99,기타
대림바스,005750,KOSPI,S99,기타
대림통상,006570,KOSPI,S99,기타
대상,001680,KOSPI,S99,기타
대상우,001685,KOSPI,S99,기타
대상홀딩스,084690,KOSPI,S99,기타
대상홀딩스우,084695,KOSPI,S99,기타
대성산업,128820,KOSPI,S99,기타
대성에너지,117580,KOSPI,S99,기타
대성홀딩스,016710,KOSPI,S99,기타
대신밸류리츠,0030R0,KOSPI,S99,기타
대양금속,009190,KOSPI,S99,기타
대영포장,014160,KOSPI,S99,기타
대웅,003090,KOSPI,S99,기타
대원강업,000430,KOSPI,S99,기타
대원전선,006340,KOSPI,S99,기타
대원전선우,006345,KOSPI,S99,기타
대원화성,024890,KOSPI,S99,기타
대창,012800,KOSPI,S99,기타
대창단조,015230,KOSPI,S99,기타
대한방직,001070,KOSPI,S99,기타
대한유화,006650,KOSPI,S99,기타
대한전선,001440,KOSPI,S99,기타
대한제강,084010,KOSPI,S99,기타
대한제당,001790,KOSPI,S99,기타
대한제당우,001795,KOSPI,S99,기타
대한제분,001130,KOSPI,S99,기타
대한항공,003490,KOSPI,S99,기타
대한항공우,003495,KOSPI,S99,기타
대한해운,005880,KOSPI,S99,기타
대한화섬,003830,KOSPI,S99,기타
대현,016090,KOSPI,S99,기타
대호에이엘,069460,KOSPI,S99,기타
더본코리아,475560,KOSPI,S99,기타
더존비즈온,012510,KOSPI,S99,기타
덕성,004830,KOSPI,S99,기타
덕성우,004835,KOSPI,S99,기타
덴티움,145720,KOSPI,S99,기타
도화엔지니어링,002150,KOSPI,S99,기타
동국씨엠,460850,KOSPI,S99,기타
동국제강,460860,KOSPI,S99,기타
동국홀딩스,001230,KOSPI,S99,기타
동남합성,023450,KOSPI,S99,기타
동방,004140,KOSPI,S99,기타
동방아그로,007590,KOSPI,S99,기타
동서,026960,KOSPI,S99,기타
동성케미컬,102260,KOSPI,S99,기타
동아쏘시오홀딩스,000640,KOSPI,S99,기타
동아에스티,170900,KOSPI,S99,기타
동아지질,028100,KOSPI,S99,기타
동양,001520,KOSPI,S99,기타
동양2우B,001527,KOSPI,S99,기타
동양고속,084670,KOSPI,S99,기타
동양우,001525,KOSPI,S99,기타
동원금속,018500,KOSPI,S99,기타
동원산업,006040,KOSPI,S99,기타
동원수산,030720,KOSPI,S99,기타
동원시스템즈,014820,KOSPI,S99,기타
동원시스템즈우,014825,KOSPI,S99,기타
동인기연,111380,KOSPI,S99,기타
동일고무벨트,163560,KOSPI,S99,기타
동일산업,004890,KOSPI,S99,기타
동일제강,002690,KOSPI,S99,기타
동화약품,000020,KOSPI,S99,기타
두산,000150,KOSPI,S99,기타
두산2우B,000157,KOSPI,S99,기타
두산로보틱스,454910,KOSPI,S99,기타
두산밥캣,241560,KOSPI,S99,기타
두산우,000155,KOSPI,S99,기타
두산퓨얼셀,336260,KOSPI,S99,기타
두산퓨얼셀1우,33626K,KOSPI,S99,기타
두산퓨얼셀2우B,33626L,KOSPI,S99,기타
두올,016740,KOSPI,S99,기타
드림텍,192650,KOSPI,S99,기타
디씨엠,024090,KOSPI,S99,기타
디아이,003160,KOSPI,S99,기타
디아이씨,092200,KOSPI,S99,기타
디와이,013570,KOSPI,S99,기타
디와이덕양,024900,KOSPI,S99,기타
디와이에이,002880,KOSPI,S99,기타
디와이파워,210540,KOSPI,S99,기타
롯데렌탈,089860,KOSPI,S99,기타
롯데리츠,330590,KOSPI,S99,기타
롯데에너지머티리얼즈,020150,KOSPI,S99,기타
롯데웰푸드,280360,KOSPI,S99,기타
롯데이노베이트,286940,KOSPI,S99,기타
롯데지주,004990,KOSPI,S99,기타
롯데지주우,00499K,KOSPI,S99,기타
롯데칠성,005300,KOSPI,S99,기타
롯데칠성우,005305,KOSPI,S99,기타
마니커,027740,KOSPI,S99,기타
마스턴프리미어리츠,357430,KOSPI,S99,기타
만호제강,001080,KOSPI,S99,기타
맥쿼리인프라,088980,KOSPI,S99,기타
맵스리얼티,094800,KOSPI,S99,기타
메타랩스,090370,KOSPI,S99,기타
메타케어,118000,KOSPI,S99,기타
명신산업,009900,KOSPI,S99,기타
모나리자,012690,KOSPI,S99,기타
모나미,005360,KOSPI,S99,기타
모나용평,070960,KOSPI,S99,기타
모토닉,009680,KOSPI,S99,기타
무림P&P,009580,KOSPI,S99,기타
무림페이퍼,009200,KOSPI,S99,기타
무학,033920,KOSPI,S99,기타
미래산업,025560,KOSPI,S99,기타
미래아이앤지,007120,KOSPI,S99,기타
미래에셋글로벌리츠,396690,KOSPI,S99,기타
미래에셋맵스리츠,357250,KOSPI,S99,기타
미스토홀딩스,081660,KOSPI,S99,기타
미원상사,002840,KOSPI,S99,기타
미원에스씨,268280,KOSPI,S99,기타
미원홀딩스,107590,KOSPI,S99,기타
미창석유,003650,KOSPI,S99,기타
방림,003610,KOSPI,S99,기타
백산,035150,KOSPI,S99,기타
범양건영,002410,KOSPI,S99,기타
벽산,007210,KOSPI,S99,기타
보락,002760,KOSPI,S99,기타
보령,003850,KOSPI,S99,기타
보해양조,000890,KOSPI,S99,기타
부광약품,003000,KOSPI,S99,기타
부산산업,011390,KOSPI,S99,기타
부산주공,005030,KOSPI,S99,기타
비비안,002070,KOSPI,S99,기타
비상교육,100220,KOSPI,S99,기타
비에이치,090460,KOSPI,S99,기타
빙그레,005180,KOSPI,S99,기타
사조대림,003960,KOSPI,S99,기타
사조동아원,008040,KOSPI,S99,기타
사조산업,007160,KOSPI,S99,기타
사조씨푸드,014710,KOSPI,S99,기타
사조오양,006090,KOSPI,S99,기타
산일전기,062040,KOSPI,S99,기타
삼립,005610,KOSPI,S99,기타
삼부토건,001470,KOSPI,S99,기타
삼성E&A,028050,KOSPI,S99,기타
삼성FN리츠,448730,KOSPI,S99,기타
삼성공조,006660,KOSPI,S99,기타
삼성에스디에스,018260,KOSPI,S99,기타
삼성에피스홀딩스,0126Z0,KOSPI,S99,기타
삼성전기,009150,KOSPI,S99,기타
삼성전기우,009155,KOSPI,S99,기타
삼성전자,005930,KOSPI,S99,기타
삼성전자우,005935,KOSPI,S99,기타
삼성출판사,068290,KOSPI,S99,기타
삼아알미늄,006110,KOSPI,S99,기타
삼양사,145990,KOSPI,S99,기타
삼양사우,145995,KOSPI,S99,기타
삼양패키징,272550,KOSPI,S99,기타
삼양홀딩스,000070,KOSPI,S99,기타
삼영,003720,KOSPI,S99,기타
삼영무역,002810,KOSPI,S99,기타
삼영전자,005680,KOSPI,S99,기타
삼원강재,023000,KOSPI,S99,기타
삼익THK,004380,KOSPI,S99,기타
삼익악기,002450,KOSPI,S99,기타
삼일씨엔에스,004440,KOSPI,S99,기타
삼정펄프,009770,KOSPI,S99,기타
삼천리,004690,KOSPI,S99,기타
삼화왕관,004450,KOSPI,S99,기타
삼화전기,009470,KOSPI,S99,기타
삼화전자,011230,KOSPI,S99,기타
삼화콘덴서,001820,KOSPI,S99,기타
상신브레이크,041650,KOSPI,S99,기타
샘표,007540,KOSPI,S99,기타
서연,007860,KOSPI,S99,기타
서연이화,200880,KOSPI,S99,기타
서원,021050,KOSPI,S99,기타
서흥,008490,KOSPI,S99,기타
선도전기,007610,KOSPI,S99,기타
선진,136490,KOSPI,S99,기타
성문전자,014910,KOSPI,S99,기타
성문전자우,014915,KOSPI,S99,기타
성신양회,004980,KOSPI,S99,기타
성신양회우,004985,KOSPI,S99,기타
성창기업지주,000180,KOSPI,S99,기타
세기상사,002420,KOSPI,S99,기타
세방,004360,KOSPI,S99,기타
세방우,004365,KOSPI,S99,기타
세아베스틸지주,001430,KOSPI,S99,기타
세아제강,306200,KOSPI,S99,기타
세아제강지주,003030,KOSPI,S99,기타
세아홀딩스,058650,KOSPI,S99,기타
세우글로벌,013000,KOSPI,S99,기타
세원정공,021820,KOSPI,S99,기타
세이브존I&C,067830,KOSPI,S99,기타
솔루엠,248070,KOSPI,S99,기타
송원산업,004430,KOSPI,S99,기타
수산세보틱스,017550,KOSPI,S99,기타
수산인더스트리,126720,KOSPI,S99,기타
스카이라이프,053210,KOSPI,S99,기타
스틱인베스트먼트,026890,KOSPI,S99,기타
시디즈,134790,KOSPI,S99,기타
시프트업,462870,KOSPI,S99,기타
신대양제지,016590,KOSPI,S99,기타
신도리코,029530,KOSPI,S99,기타
신라교역,004970,KOSPI,S99,기타
신성이엔지,011930,KOSPI,S99,기타
신세계,004170,KOSPI,S99,기타
신세계 I&C,035510,KOSPI,S99,기타
신세계인터내셔날,031430,KOSPI,S99,기타
신세계푸드,031440,KOSPI,S99,기타
신송홀딩스,006880,KOSPI,S99,기타
신영와코루,005800,KOSPI,S99,기타
신원,009270,KOSPI,S99,기타
신일전자,002700,KOSPI,S99,기타
신풍,002870,KOSPI,S99,기타
신한글로벌액티브리츠,481850,KOSPI,S99,기타
신한서부티엔디리츠,404990,KOSPI,S99,기타
신한알파리츠,293940,KOSPI,S99,기타
신흥,004080,KOSPI,S99,기타
써니전자,004770,KOSPI,S99,기타
쏘카,403550,KOSPI,S99,기타
씨아이테크,004920,KOSPI,S99,기타
씨에스윈드,112610,KOSPI,S99,기타
씨케이솔루션,480370,KOSPI,S99,기타
씨티알모빌리티,308170,KOSPI,S99,기타
아남전자,008700,KOSPI,S99,기타
아모레퍼시픽,090430,KOSPI,S99,기타
아모레퍼시픽우,090435,KOSPI,S99,기타
아모레퍼시픽홀딩스,002790,KOSPI,S99,기타
아모레퍼시픽홀딩스3우C,00279K,KOSPI,S99,기타
아모레퍼시픽홀딩스우,002795,KOSPI,S99,기타
아세아,002030,KOSPI,S99,기타
아세아시멘트,183190,KOSPI,S99,기타
아세아제지,002310,KOSPI,S99,기타
아센디오,012170,KOSPI,S99,기타
아시아나IDT,267850,KOSPI,S99,기타
아시아나항공,020560,KOSPI,S99,기타
아이마켓코리아,122900,KOSPI,S99,기타
아이에스동서,010780,KOSPI,S99,기타
아이티센씨티에스,031820,KOSPI,S99,기타
아주스틸,139990,KOSPI,S99,기타
아진전자부품,009320,KOSPI,S99,기타
알루코,001780,KOSPI,S99,기타
애경산업,018250,KOSPI,S99,기타
애경케미칼,161000,KOSPI,S99,기타
에넥스,011090,KOSPI,S99,기타
에스엘,005850,KOSPI,S99,기타
에스엠벡셀,010580,KOSPI,S99,기타
에스원,012750,KOSPI,S99,기타
에쓰씨엔지니어링,023960,KOSPI,S99,기타
에어부산,298690,KOSPI,S99,기타
에이블씨엔씨,078520,KOSPI,S99,기타
에이엔피,015260,KOSPI,S99,기타
에이프로젠,007460,KOSPI,S99,기타
에이플러스에셋,244920,KOSPI,S99,기타
에이피알,278470,KOSPI,S99,기타
엑시큐어하이트론,019490,KOSPI,S99,기타
엔케이,085310,KOSPI,S99,기타
엘브이엠씨홀딩스,900140,KOSPI,S99,기타
엘앤에프,066970,KOSPI,S99,기타
엠씨넥스,097520,KOSPI,S99,기타
엠앤씨솔루션,484870,KOSPI,S99,기타
영원무역,111770,KOSPI,S99,기타
영원무역홀딩스,009970,KOSPI,S99,기타
영진약품,003520,KOSPI,S99,기타
영풍,000670,KOSPI,S99,기타
영화금속,012280,KOSPI,S99,기타
영흥,012160,KOSPI,S99,기타
오리온,271560,KOSPI,S99,기타
오리온홀딩스,001800,KOSPI,S99,기타
온타이드,005320,KOSPI,S99,기타
와이투솔루션,011690,KOSPI,S99,기타
우성,006980,KOSPI,S99,기타
우성머티리얼스,011300,KOSPI,S99,기타
우신시스템,017370,KOSPI,S99,기타
우진,105840,KOSPI,S99,기타
우진아이엔에스,010400,KOSPI,S99,기타
우진플라임,049800,KOSPI,S99,기타
웅진,016880,KOSPI,S99,기타
웅진씽크빅,095720,KOSPI,S99,기타
원림,005820,KOSPI,S99,기타
윌비스,008600,KOSPI,S99,기타
유니드,014830,KOSPI,S99,기타
유니드비티플러스,446070,KOSPI,S99,기타
유니온,000910,KOSPI,S99,기타
유니온머티리얼,047400,KOSPI,S99,기타
유니켐,011330,KOSPI,S99,기타
유니퀘스트,077500,KOSPI,S99,기타
유성기업,002920,KOSPI,S99,기타
유수홀딩스,000700,KOSPI,S99,기타
유엔젤,072130,KOSPI,S99,기타
이건산업,008250,KOSPI,S99,기타
이구산업,025820,KOSPI,S99,기타
이노션,214320,KOSPI,S99,기타
이리츠코크렙,088260,KOSPI,S99,기타
이수스페셜티케미컬,457190,KOSPI,S99,기타
이수페타시스,007660,KOSPI,S99,기타
이스타코,015020,KOSPI,S99,기타
이엔플러스,074610,KOSPI,S99,기타
이월드,084680,KOSPI,S99,기타
이지스레지던스리츠,350520,KOSPI,S99,기타
이지스밸류플러스리츠,334890,KOSPI,S99,기타
이화산업,000760,KOSPI,S99,기타
인디에프,014990,KOSPI,S99,기타
인지컨트롤스,023800,KOSPI,S99,기타
인터지스,129260,KOSPI,S99,기타
인팩,023810,KOSPI,S99,기타
일동홀딩스,000230,KOSPI,S99,기타
일성아이에스,003120,KOSPI,S99,기타
일신방직,003200,KOSPI,S99,기타
일신석재,007110,KOSPI,S99,기타
일양약품,007570,KOSPI,S99,기타
일양약품우,007575,KOSPI,S99,기타
일진다이아,081000,KOSPI,S99,기타
일진디스플,020760,KOSPI,S99,기타
일진전기,103590,KOSPI,S99,기타
일진하이솔루스,271940,KOSPI,S99,기타
일진홀딩스,015860,KOSPI,S99,기타
잇츠한불,226320,KOSPI,S99,기타
자이에스앤디,317400,KOSPI,S99,기타
자화전자,033240,KOSPI,S99,기타
전방,000950,KOSPI,S99,기타
제이알글로벌리츠,348950,KOSPI,S99,기타
제이에스코퍼레이션,194370,KOSPI,S99,기타
제일기획,030000,KOSPI,S99,기타
제일약품,271980,KOSPI,S99,기타
제일연마,001560,KOSPI,S99,기타
제일파마홀딩스,002620,KOSPI,S99,기타
제주항공,089590,KOSPI,S99,기타
조광페인트,004910,KOSPI,S99,기타
조광피혁,004700,KOSPI,S99,기타
조비,001550,KOSPI,S99,기타
조일알미늄,018470,KOSPI,S99,기타
조흥,002600,KOSPI,S99,기타
종근당,185750,KOSPI,S99,기타
종근당홀딩스,001630,KOSPI,S99,기타
주성코퍼레이션,109070,KOSPI,S99,기타
주연테크,044380,KOSPI,S99,기타
지누스,013890,KOSPI,S99,기타
지엠비코리아,013870,KOSPI,S99,기타
지역난방공사,071320,KOSPI,S99,기타
진도,088790,KOSPI,S99,기타
진양산업,003780,KOSPI,S99,기타
진양폴리,010640,KOSPI,S99,기타
진양홀딩스,100250,KOSPI,S99,기타
진에어,272450,KOSPI,S99,기타
진원생명과학,011000,KOSPI,S99,기타
진흥기업,002780,KOSPI,S99,기타
진흥기업2우B,002787,KOSPI,S99,기타
진흥기업우B,002785,KOSPI,S99,기타
참엔지니어링,009310,KOSPI,S99,기타
천일고속,000650,KOSPI,S99,기타
체시스,033250,KOSPI,S99,기타
카카오뱅크,323410,KOSPI,S99,기타
카카오페이,377300,KOSPI,S99,기타
카프로,006380,KOSPI,S99,기타
케이뱅크,279570,KOSPI,S99,기타
케이비아이동국실업,001620,KOSPI,S99,기타
케이씨,029460,KOSPI,S99,기타
케이씨텍,281820,KOSPI,S99,기타
케이카,381970,KOSPI,S99,기타
케이탑리츠,145270,KOSPI,S99,기타
코람코더원리츠,417310,KOSPI,S99,기타
코람코라이프인프라리츠,357120,KOSPI,S99,기타
코리아써우,007815,KOSPI,S99,기타
코리아써키트,007810,KOSPI,S99,기타
코리아써키트2우B,00781K,KOSPI,S99,기타
코리안리,003690,KOSPI,S99,기타
코스맥스,192820,KOSPI,S99,기타
코스맥스비티아이,044820,KOSPI,S99,기타
코아스,071950,KOSPI,S99,기타
코오롱,002020,KOSPI,S99,기타
코오롱글로벌,003070,KOSPI,S99,기타
코오롱글로벌우,003075,KOSPI,S99,기타
코오롱우,002025,KOSPI,S99,기타
코오롱인더,120110,KOSPI,S99,기타
코오롱인더우,120115,KOSPI,S99,기타
코웨이,021240,KOSPI,S99,기타
콘텐트리중앙,036420,KOSPI,S99,기타
콜마홀딩스,024720,KOSPI,S99,기타
쿠쿠홀딩스,192400,KOSPI,S99,기타
쿠쿠홈시스,284740,KOSPI,S99,기타
크라운제과,264900,KOSPI,S99,기타
크라운제과우,26490K,KOSPI,S99,기타
크라운해태홀딩스,005740,KOSPI,S99,기타
크라운해태홀딩스우,005745,KOSPI,S99,기타
키다리스튜디오,020120,KOSPI,S99,기타
태경비케이,014580,KOSPI,S99,기타
태경산업,015890,KOSPI,S99,기타
태경케미컬,006890,KOSPI,S99,기타
태광산업,003240,KOSPI,S99,기타
태림포장,011280,KOSPI,S99,기타
태양금속,004100,KOSPI,S99,기타
태양금속우,004105,KOSPI,S99,기타
태원물산,001420,KOSPI,S99,기타
테이팩스,055490,KOSPI,S99,기타
텔코웨어,078000,KOSPI,S99,기타
토니모리,214420,KOSPI,S99,기타
트리니티항공,091810,KOSPI,S99,기타
티에이치엔,019180,KOSPI,S99,기타
티엠씨,217590,KOSPI,S99,기타
티와이홀딩스,363280,KOSPI,S99,기타
티와이홀딩스우,36328K,KOSPI,S99,기타
티웨이홀딩스,004870,KOSPI,S99,기타
파라다이스,034230,KOSPI,S99,기타
파미셀,005690,KOSPI,S99,기타
팜스코,036580,KOSPI,S99,기타
팜젠사이언스,004720,KOSPI,S99,기타
팬오션,028670,KOSPI,S99,기타
퍼스텍,010820,KOSPI,S99,기타
퍼시스,016800,KOSPI,S99,기타
페이퍼코리아,001020,KOSPI,S99,기타
평화산업,090080,KOSPI,S99,기타
평화홀딩스,010770,KOSPI,S99,기타
포스코DX,022100,KOSPI,S99,기타
포스코스틸리온,058430,KOSPI,S99,기타
포스코인터내셔널,047050,KOSPI,S99,기타
풀무원,017810,KOSPI,S99,기타
풍산홀딩스,005810,KOSPI,S99,기타
프리티,006490,KOSPI,S99,기타
플레이그램,009810,KOSPI,S99,기타
하나투어,039130,KOSPI,S99,기타
하이브,352820,KOSPI,S99,기타
하이스틸,071090,KOSPI,S99,기타
하이트진로,000080,KOSPI,S99,기타
하이트진로2우B,000087,KOSPI,S99,기타
하이트진로홀딩스,000140,KOSPI,S99,기타
하이트진로홀딩스우,000145,KOSPI,S99,기타
한국공항,005430,KOSPI,S99,기타
한국내화,010040,KOSPI,S99,기타
한국단자,025540,KOSPI,S99,기타
한국무브넥스,010100,KOSPI,S99,기타
한국석유,004090,KOSPI,S99,기타
한국수출포장,002200,KOSPI,S99,기타
한국쉘석유,002960,KOSPI,S99,기타
한국앤컴퍼니,000240,KOSPI,S99,기타
한국자산신탁,123890,KOSPI,S99,기타
한국전자홀딩스,006200,KOSPI,S99,기타
한국제지,027970,KOSPI,S99,기타
한국종합기술,023350,KOSPI,S99,기타
한국주강,025890,KOSPI,S99,기타
한국주철관,000970,KOSPI,S99,기타
한국카본,017960,KOSPI,S99,기타
한국콜마,161890,KOSPI,S99,기타
한국타이어앤테크놀로지,161390,KOSPI,S99,기타
한국토지신탁,034830,KOSPI,S99,기타
한국특강,007280,KOSPI,S99,기타
한국화장품,123690,KOSPI,S99,기타
한국화장품제조,003350,KOSPI,S99,기타
한농화성,011500,KOSPI,S99,기타
한독,002390,KOSPI,S99,기타
한미글로벌,053690,KOSPI,S99,기타
한미사이언스,008930,KOSPI,S99,기타
한미약품,128940,KOSPI,S99,기타
한샘,009240,KOSPI,S99,기타
한섬,020000,KOSPI,S99,기타
한성기업,003680,KOSPI,S99,기타
한세실업,105630,KOSPI,S99,기타
한세엠케이,069640,KOSPI,S99,기타
한세예스24홀딩스,016450,KOSPI,S99,기타
한솔로지스틱스,009180,KOSPI,S99,기타
한솔제지,213500,KOSPI,S99,기타
한솔케미칼,014680,KOSPI,S99,기타
한솔테크닉스,004710,KOSPI,S99,기타
한솔홀딩스,004150,KOSPI,S99,기타
한솔홈데코,025750,KOSPI,S99,기타
한신공영,004960,KOSPI,S99,기타
한신기계,011700,KOSPI,S99,기타
한온시스템,018880,KOSPI,S99,기타
한익스프레스,014130,KOSPI,S99,기타
한일시멘트,300720,KOSPI,S99,기타
한일홀딩스,003300,KOSPI,S99,기타
한전KPS,051600,KOSPI,S99,기타
한전기술,052690,KOSPI,S99,기타
한전산업,130660,KOSPI,S99,기타
한진,002320,KOSPI,S99,기타
한진칼,180640,KOSPI,S99,기타
한진칼우,18064K,KOSPI,S99,기타
한창,005110,KOSPI,S99,기타
한창제지,009460,KOSPI,S99,기타
한컴라이프케어,372910,KOSPI,S99,기타
한화,000880,KOSPI,S99,기타
한화3우B,00088K,KOSPI,S99,기타
한화갤러리아,452260,KOSPI,S99,기타
한화갤러리아우,45226K,KOSPI,S99,기타
한화리츠,451800,KOSPI,S99,기타
한화비전,489790,KOSPI,S99,기타
한화솔루션,009830,KOSPI,S99,기타
한화솔루션우,009835,KOSPI,S99,기타
한화시스템,272210,KOSPI,S99,기타
한화엔진,082740,KOSPI,S99,기타
해성디에스,195870,KOSPI,S99,기타
핸즈코퍼레이션,143210,KOSPI,S99,기타
현대그린푸드,453340,KOSPI,S99,기타
현대로템,064350,KOSPI,S99,기타
현대리바트,079430,KOSPI,S99,기타
현대백화점,069960,KOSPI,S99,기타
현대비앤지스틸,004560,KOSPI,S99,기타
현대약품,004310,KOSPI,S99,기타
현대엘리베이터,017800,KOSPI,S99,기타
현대위아,011210,KOSPI,S99,기타
현대제철,004020,KOSPI,S99,기타
현대지에프홀딩스,005440,KOSPI,S99,기타
현대코퍼레이션,011760,KOSPI,S99,기타
현대코퍼레이션홀딩스,227840,KOSPI,S99,기타
현대퓨처넷,126560,KOSPI,S99,기타
현대해상,001450,KOSPI,S99,기타
형지엘리트,093240,KOSPI,S99,기타
혜인,003010,KOSPI,S99,기타
호전실업,111110,KOSPI,S99,기타
호텔신라,008770,KOSPI,S99,기타
호텔신라우,008775,KOSPI,S99,기타
화승알앤에이,378850,KOSPI,S99,기타
화승엔터프라이즈,241590,KOSPI,S99,기타
화승인더,006060,KOSPI,S99,기타
화승코퍼레이션,013520,KOSPI,S99,기타
화신,010690,KOSPI,S99,기타
화인베스틸,133820,KOSPI,S99,기타
화천기계,010660,KOSPI,S99,기타
화천기공,000850,KOSPI,S99,기타
황금에스티,032560,KOSPI,S99,기타
효성,004800,KOSPI,S99,기타
효성ITX,094280,KOSPI,S99,기타
효성티앤씨,298020,KOSPI,S99,기타
후성,093370,KOSPI,S99,기타
휴니드,005870,KOSPI,S99,기타
휴비스,079980,KOSPI,S99,기타
휴스틸,005010,KOSPI,S99,기타
흥아해운,003280,KOSPI,S99,기타
